fecha,ph,conductividad_us_cm,temperatura_agua_c,oxigeno_disuelto_mg_l,distancia_agua_m,profundidad_m,temperatura_aire_c,humedad_aire_pct,temperatura_sistema_c,voltaje_v,senal_csq
2026-02-01 00:06:39,,,,,1.34,0.6,17.68,89.77,18.5,7.86,22
2026-02-01 00:36:31,,,,,1.33,0.6,17.75,88.57,18.25,7.85,22
2026-02-01 01:06:25,,,,,1.34,0.6,17.96,88.85,18.25,7.83,22
2026-02-01 01:36:18,,,,,1.34,0.6,17.79,90.35,18.25,7.86,22
2026-02-01 02:06:10,,,,,1.33,0.6,17.48,91.46,18.25,7.86,22
2026-02-01 02:36:03,,,,,1.33,0.6,17.49,92.38,18,7.84,22
2026-02-01 03:05:55,,,,,1.34,0.6,17.34,92.21,18,7.85,22
2026-02-01 03:35:48,,,,,1.34,0.6,17.53,90.12,18,7.85,22
2026-02-01 04:05:41,,,,,1.34,0.6,17.45,88.84,18,7.85,22
2026-02-01 04:35:34,,,,,1.34,0.6,17.23,89.6,18,7.85,22
2026-02-01 05:05:26,,,,,1.33,0.6,17.28,90.74,17.75,7.84,22
2026-02-01 05:35:19,,,,,1.34,0.6,17.12,90.01,18,7.84,22
2026-02-01 06:05:12,,,,,1.33,0.59,16.67,92.37,17.5,7.83,22
2026-02-01 06:35:04,,,,,1.34,0.6,16.49,92.23,17.5,7.83,22
2026-02-01 07:04:58,,,,,1.34,0.6,16.57,92.9,17.5,7.83,22
2026-02-01 07:34:50,,,,,1.34,0.6,16.65,92.99,17.5,7.85,22
2026-02-01 08:04:43,,,,,1.33,0.6,16.94,92.89,17.75,7.83,22
2026-02-01 08:34:37,,,,,1.34,0.6,17.8,88.53,18.75,7.83,22
2026-02-01 09:04:30,,,,,1.34,0.6,18.54,86.27,19.75,7.84,22
2026-02-01 09:36:57,,,,,1.34,0.6,20.53,80.48,21.75,7.85,24
2026-02-01 10:06:58,,,,,1.35,0.6,29.79,57.18,27.75,7.89,24
2026-02-01 10:37:12,,,,,1.35,0.6,31.6,50.7,36.75,7.88,24
2026-02-01 11:07:09,,,,,1.35,0.6,30.83,52.82,37.5,7.91,24
2026-02-01 11:37:04,,,,,1.35,0.6,29.62,56.99,38.5,7.88,24
2026-02-01 12:06:53,,,,,1.34,0.6,28.81,59.71,36.75,7.89,24
2026-02-01 12:36:42,,,,,1.34,0.61,28.69,57.48,35,7.89,24
2026-02-01 13:06:34,,,,,1.34,0.61,27.81,60.38,34.25,7.88,24
2026-02-01 13:36:28,,,,,1.34,0.61,28.62,58.72,34.75,7.89,24
2026-02-01 14:06:20,,,,,0,0.62,28.71,57.15,35,7.89,24
2026-02-01 14:36:09,,,,,1.34,0.62,28.89,55.26,33.5,7.89,24
2026-02-01 15:06:00,,,,,1.34,0.62,28.71,53.78,33.25,7.92,24
2026-02-01 15:35:54,,,,,1.34,0.63,29.74,50.55,33.75,7.89,24
2026-02-01 16:05:48,,,,,1.34,0.63,30.5,48.82,34.25,7.89,24
2026-02-01 16:35:45,,,,,1.34,0.63,30.55,48.01,36.5,7.9,24
2026-02-01 17:05:35,,,,,1.34,0.63,30.58,49.8,35.75,7.89,24
2026-02-01 17:35:28,,,,,1.34,0.63,34.6,42.67,36.75,7.92,24
2026-02-01 18:05:20,,,,,1.34,0.64,30.81,46.81,35.75,7.89,24
2026-02-01 18:35:08,,,,,1.34,0.64,31.71,47.93,34.25,7.91,24
2026-02-01 19:04:57,,,,,1.34,0.64,28.45,52.26,32.25,7.88,24
2026-02-01 19:34:46,,,,,1.34,0.64,29.05,53.94,30.75,7.88,24
2026-02-01 20:04:38,,,,,1.34,0.64,27.47,58.93,30.25,7.9,24
2026-02-01 20:34:28,,,,,1.34,0.64,25.65,62.02,29,7.9,24
2026-02-01 21:04:17,,,,,1.34,0.64,24.7,64.19,27.25,7.9,24
2026-02-01 21:36:28,,,,,1.33,0.64,23.67,67.5,26,7.9,22
2026-02-01 22:06:17,,,,,1.34,0.63,23.14,70.02,25,7.89,22
2026-02-01 22:36:09,,,,,1.34,0.63,22.17,71.85,24,7.85,22
2026-02-01 23:06:00,,,,,1.34,0.62,21.24,76.52,23,7.85,22
2026-02-01 23:35:51,,,,,1.34,0.62,20.8,77.09,22.25,7.85,22
2026-02-02 00:05:41,,,,,1.33,0.61,20.41,78.18,21.5,7.87,22
2026-02-02 00:35:33,,,,,1.34,0.61,19.84,79.94,21.25,7.85,22
2026-02-02 01:05:25,,,,,1.34,0.61,19.31,82.45,20.5,7.86,22
2026-02-02 01:35:16,,,,,1.34,0.61,18.94,84.66,20,7.87,22
2026-02-02 02:05:07,,,,,1.33,0.61,18.5,84.25,19.75,7.86,22
2026-02-02 02:34:58,,,,,1.33,0.6,18.15,84.02,19.25,7.84,22
2026-02-02 03:04:49,,,,,1.34,0.6,17.68,84.07,18.75,7.84,22
2026-02-02 03:34:41,,,,,1.33,0.6,17.33,86.36,18.5,7.83,22
2026-02-02 04:04:33,,,,,1.34,0.6,16.96,87.47,18,7.85,22
2026-02-02 04:34:25,,,,,1.34,0.6,16.67,88.16,17.75,7.85,22
2026-02-02 05:04:17,,,,,1.33,0.6,16.94,87.61,17.5,7.84,22
2026-02-02 05:34:10,,,,,1.34,0.6,17.15,86.44,18,7.85,22
2026-02-02 06:04:03,,,,,1.34,0.6,17.07,85.87,18,7.83,22
2026-02-02 06:33:56,,,,,1.33,0.6,17.19,86.09,18,7.83,22
2026-02-02 07:03:50,,,,,1.34,0.6,17.48,86.15,18.25,7.85,22
2026-02-02 07:33:42,,,,,1.34,0.59,18.03,84.08,18.5,7.83,22
2026-02-02 08:03:40,,,,,1.34,0.59,20.32,76.68,21,7.85,22
2026-02-02 08:33:41,,,,,0,0.59,24.47,65.83,25.75,7.84,22
2026-02-02 09:03:47,,,,,1.35,0.6,28.11,56.24,32,7.85,22
2026-02-02 09:35:59,,,,,1.35,0.6,30.21,53.97,37,7.9,25
2026-02-02 10:05:54,,,,,1.35,0.6,30.18,53.03,38.25,7.91,25
2026-02-02 10:35:47,,,,,1.34,0.6,30.41,54.29,37.5,7.92,25
2026-02-02 11:05:40,,,,,1.35,0.6,31.3,51.77,37.5,7.91,25
2026-02-02 11:35:36,,,,,1.34,0.6,31.86,51.03,39.25,7.88,25
2026-02-02 12:05:29,,,,,0,0.6,30.82,54.37,39,7.93,25
2026-02-02 12:35:22,,,,,1.34,0.61,30.47,56.15,38.75,7.89,25
2026-02-02 13:05:13,,,,,1.34,0.62,29.53,56.39,38,7.93,25
2026-02-02 13:35:03,,,,,1.34,0.62,29.4,57.93,37,7.89,25
2026-02-02 14:04:54,,,,,1.33,0.62,29.42,56.76,36,7.89,25
2026-02-02 14:34:46,,,,,1.34,0.62,29.72,55.61,35.25,7.92,25
2026-02-02 15:04:38,,,,,1.34,0.62,30.28,55.17,35.25,7.89,25
2026-02-02 15:34:30,,,,,1.33,0.62,30.79,54.36,35.5,7.93,25
2026-02-02 16:04:23,,,,,1.34,0.62,30.84,54.47,35.75,7.92,25
2026-02-02 16:34:16,,,,,1.34,0.62,30.32,54.8,36,7.89,25
2026-02-02 17:04:09,,,,,1.34,0.63,29.75,55.68,35.5,7.93,25
2026-02-02 17:34:00,,,,,1.33,0.63,32.26,50.29,34.5,7.89,25
2026-02-02 18:03:49,,,,,1.34,0.63,32.32,50.32,33.25,7.92,25
2026-02-02 18:33:40,,,,,1.34,0.63,31.45,50.71,32.25,7.9,25
2026-02-02 19:03:30,,,,,1.34,0.64,29.09,55.58,31,7.88,25
2026-02-02 19:33:21,,,,,1.34,0.64,27.03,58.85,29.75,7.9,25
2026-02-02 20:03:12,,,,,1.34,0.63,25.64,61.69,28.5,7.91,25
2026-02-02 20:33:02,,,,,1.34,0.63,23.99,65.64,27.25,7.87,25
2026-02-02 21:02:53,,,,,1.33,0.63,22.92,69.42,25.5,7.9,25
2026-02-02 21:34:54,,,,,1.33,0.62,22.05,71.8,24.25,7.89,15
2026-02-02 22:35:51,,,,,1.33,0.62,21.01,73.57,22.5,7.89,16
2026-02-02 23:05:44,,,,,1.34,0.61,20.54,75.05,22,7.89,16
2026-02-02 23:35:36,,,,,1.33,0.61,20.03,77.79,21.25,7.88,16
2026-02-03 00:05:28,,,,,1.34,0.61,19.63,75.82,20.75,7.87,16
2026-02-03 00:35:19,,,,,1.34,0.61,19.06,80.83,20.5,7.84,16
2026-02-03 01:05:10,,,,,1.33,0.61,18.81,78.72,20,7.84,16
2026-02-03 01:35:03,,,,,1.33,0.61,18.55,80.84,19.5,7.86,16
2026-02-03 02:04:54,,,,,1.34,0.61,18.2,82.12,19.25,7.84,16
2026-02-03 02:34:46,,,,,1.34,0.6,17.85,84.07,18.75,7.85,16
2026-02-03 03:04:37,,,,,1.34,0.6,17.34,83.71,18.5,7.86,16
2026-02-03 03:34:30,,,,,1.33,0.6,17.31,85.6,18,7.84,16
2026-02-03 04:04:23,,,,,1.33,0.6,17.13,85.44,18,7.86,16
2026-02-03 04:34:15,,,,,1.33,0.6,16.59,87.37,17.75,7.86,16
2026-02-03 05:04:07,,,,,1.34,0.6,16.24,87.6,17.25,7.86,16
2026-02-03 05:33:59,,,,,1.33,0.6,16.05,88.86,17,7.83,16
2026-02-03 06:03:51,,,,,1.34,0.6,15.87,89.3,16.75,7.83,16
2026-02-03 06:33:44,,,,,1.33,0.59,15.72,89.4,16.75,7.83,16
2026-02-03 07:03:36,,,,,1.34,0.59,16.05,89.71,16.5,7.83,16
2026-02-03 07:33:29,,,,,1.34,0.59,16.67,87.64,16.75,7.83,16
2026-02-03 08:03:23,,,,,1.34,0.59,17.18,85.55,17.5,7.86,16
2026-02-03 08:33:18,,,,,1.34,0.59,17.26,84.14,18.25,7.84,16
2026-02-03 09:03:12,,,,,1.33,0.59,17.75,83.8,18.75,7.83,16
2026-02-03 22:10:59,,,,,1.34,0.61,20.51,72.95,22.5,7.88,16
2026-02-03 22:40:50,,,,,1.33,0.61,20.17,72.63,21.75,7.86,16
2026-02-03 23:10:41,,,,,1.33,0.61,19.5,74.1,21,7.87,16
2026-02-03 23:40:32,,,,,1.34,0.6,18.83,76.61,20.25,7.84,16
2026-02-04 00:10:24,,,,,1.33,0.6,18.25,77.95,19.75,7.84,16
2026-02-04 00:40:16,,,,,1.33,0.6,17.97,79.37,19.25,7.83,16
2026-02-04 01:10:07,,,,,1.33,0.61,17.84,80.84,18.75,7.83,16
2026-02-04 01:39:59,,,,,1.33,0.6,17.59,81.59,18.5,7.85,16
2026-02-04 02:09:52,,,,,1.33,0.61,17.36,82.36,18.25,7.85,16
2026-02-04 02:39:46,,,,,1.34,0.61,17.25,81.64,18,7.86,16
2026-02-04 03:09:39,,,,,1.33,0.6,16.58,82.36,17.75,7.84,16
2026-02-04 03:39:30,,,,,1.33,0.6,16.26,81.66,17.5,7.83,16
2026-02-04 04:09:22,,,,,1.34,0.6,16.41,81.99,17,7.86,16
2026-02-04 04:39:14,,,,,1.33,0.6,16.05,85.56,16.75,7.84,16
2026-02-04 05:09:07,,,,,1.34,0.6,15.93,87.93,16.75,7.83,16
2026-02-04 05:38:59,,,,,1.33,0.6,15.14,86.42,16.25,7.83,16
2026-02-04 06:08:51,,,,,1.33,0.6,15.03,87.68,16,7.83,16
2026-02-04 06:38:42,,,,,1.34,0.6,14.92,88.97,15.75,7.83,16
2026-02-04 07:08:35,,,,,1.34,0.6,14.62,89.09,15.75,7.83,16
2026-02-04 07:38:27,,,,,1.34,0.6,16.89,81,16.25,7.83,16
2026-02-04 08:08:29,,,,,1.35,0.6,21.14,68.31,21.5,7.83,16
2026-02-04 08:38:36,,,,,1.35,0.6,24.57,59.68,28.25,7.85,16
2026-02-04 09:08:39,,,,,0,0.6,26.79,56,32.5,7.85,16
2026-02-04 09:41:04,,,,,1.35,0.6,27.13,55.41,33.5,7.9,23
2026-02-04 10:11:01,,,,,0,0.6,28.89,52.67,36.25,7.9,23
2026-02-04 10:40:56,,,,,1.34,0.6,29.47,52.43,36.75,7.88,23
2026-02-04 11:10:48,,,,,0,0.6,29.6,53.44,36.25,7.92,23
2026-02-04 11:40:41,,,,,0,0.61,27.88,56.26,35.5,7.87,23
2026-02-04 12:10:29,,,,,1.34,0.61,26.91,57.58,33.5,7.88,23
2026-02-04 12:40:21,,,,,1.34,0.61,29.29,51.99,34.25,7.88,23
2026-02-04 13:10:16,,,,,1.34,0.61,29.01,54,35.25,7.92,23
2026-02-04 13:40:10,,,,,1.33,0.62,29.22,53.08,36,7.9,23
2026-02-04 14:10:02,,,,,1.34,0.62,28.26,55.29,35.25,7.91,23
2026-02-04 14:39:52,,,,,1.34,0.62,28.7,55.4,34.75,7.92,23
2026-02-04 15:09:45,,,,,1.34,0.62,29.28,53.11,35.25,7.9,23
2026-02-04 15:39:39,,,,,1.34,0.62,30.03,52.26,35.5,7.93,23
2026-02-04 16:09:33,,,,,1.34,0.63,30.76,50.28,36,7.9,23
2026-02-04 16:39:26,,,,,1.33,0.63,29.17,55.32,36,7.92,23
2026-02-04 17:09:18,,,,,1.34,0.63,29.32,53.57,35.5,7.9,23
2026-02-04 17:39:10,,,,,1.33,0.63,31.94,49.78,34.5,7.9,23
2026-02-04 18:08:59,,,,,1.34,0.63,32.37,48.12,33,7.92,23
2026-02-04 18:38:49,,,,,1.34,0.63,31.36,50.3,31.75,7.89,23
2026-02-04 19:08:39,,,,,1.34,0.63,28.04,54.91,30.25,7.91,23
2026-02-04 19:38:29,,,,,1.34,0.63,27.19,55.93,29.25,7.86,23
2026-02-04 20:08:21,,,,,1.34,0.63,25.69,58.56,28.5,7.9,23
2026-02-04 20:38:11,,,,,1.33,0.63,23.53,65.51,27,7.88,23
2026-02-04 21:08:00,,,,,1.33,0.62,22.58,67.74,25.25,7.89,23
2026-02-04 21:40:14,,,,,1.33,0.62,21.54,71.59,24,7.88,24
2026-02-04 22:10:04,,,,,1.33,0.62,20.96,73.31,22.75,7.88,24
2026-02-04 22:39:55,,,,,1.33,0.61,20.4,75.3,22,7.88,24
2026-02-04 23:09:46,,,,,1.33,0.61,19.7,75.63,21.25,7.87,24
2026-02-04 23:39:38,,,,,1.33,0.6,19.47,75.9,20.75,7.86,24
2026-02-05 00:09:30,,,,,1.33,0.6,19.2,78.12,20.25,7.87,24
2026-02-05 00:39:22,,,,,1.33,0.6,18.83,77.5,20,7.84,24
2026-02-05 01:09:13,,,,,1.34,0.6,18.62,78.75,19.5,7.87,24
2026-02-05 01:39:05,,,,,1.33,0.6,18.22,80.3,19.25,7.87,24
2026-02-05 02:08:57,,,,,1.34,0.6,17.85,80.03,19,7.86,24
2026-02-05 02:38:49,,,,,1.33,0.61,17.46,81.31,18.5,7.86,24
2026-02-05 03:08:41,,,,,1.34,0.6,17.31,81.42,18,7.85,24
2026-02-05 03:38:32,,,,,1.34,0.6,17.05,81.94,17.75,7.84,24
2026-02-05 04:08:26,,,,,1.33,0.6,16.59,84.56,17.5,7.86,24
2026-02-05 04:38:17,,,,,1.33,0.6,15.94,84.26,17.25,7.83,24
2026-02-05 05:08:10,,,,,1.34,0.6,15.93,85.28,16.75,7.83,24
2026-02-05 05:38:04,,,,,1.34,0.6,15.76,87.83,16.75,7.83,24
2026-02-05 06:07:57,,,,,1.33,0.6,15.77,89.18,16.25,7.83,24
2026-02-05 06:37:48,,,,,1.34,0.6,14.9,86.35,16,7.85,24
2026-02-05 07:07:40,,,,,1.33,0.6,15.11,89.17,15.75,7.83,24
2026-02-05 07:37:32,,,,,1.34,0.6,16.39,83.62,16.25,7.84,24
2026-02-05 08:07:31,,,,,1.35,0.6,21.9,67.05,20.5,7.83,24
2026-02-05 08:37:38,,,,,1.35,0.6,27.3,56.95,28,7.88,24
2026-02-05 09:07:43,,,,,1.35,0.6,23.2,64.33,32.75,7.89,24
2026-02-05 09:39:44,,,,,1.34,0.6,27.15,56.19,33.75,7.9,24
2026-02-05 10:09:41,,,,,0,0.6,29.59,50.82,36.25,7.88,24
2026-02-05 10:39:36,,,,,1.34,0.6,28.35,53.98,36.5,7.89,24
2026-02-05 11:09:27,,,,,1.34,0.6,29.55,50.24,35.75,7.89,24
2026-02-05 11:39:20,,,,,1.34,0.61,29.26,51.53,35.5,7.88,24
2026-02-05 12:09:12,,,,,1.34,0.61,29.45,53.51,35.5,7.89,24
2026-02-05 12:39:06,,,,,1.34,0.61,28.28,53.05,35.75,7.89,24
2026-02-05 13:08:57,,,,,1.33,0.61,27.15,56.76,35.25,7.88,24
2026-02-05 13:38:48,,,,,1.33,0.62,27.92,56.13,34.75,7.92,24
2026-02-05 14:08:41,,,,,1.33,0.62,28.35,55.1,34.5,7.9,24
2026-02-05 14:38:33,,,,,1.33,0.62,29.18,54.55,34.25,7.89,24
2026-02-05 15:08:27,,,,,1.33,0.62,29.29,54.68,34.75,7.93,24
2026-02-05 15:38:21,,,,,1.33,0.62,30.32,49.73,35.5,7.9,24
2026-02-05 16:08:15,,,,,1.33,0.62,30.95,50.64,36.25,7.89,24
2026-02-05 16:38:09,,,,,1.34,0.63,30.52,49.16,37,7.94,24
2026-02-05 17:08:01,,,,,1.33,0.63,30.75,50.31,36.5,7.94,24
2026-02-05 17:37:53,,,,,1.33,0.63,34.46,42.9,35.75,7.89,24
2026-02-05 18:07:43,,,,,1.33,0.63,33.5,44.58,34.75,7.92,24
2026-02-05 18:37:32,,,,,1.34,0.63,33.02,44.85,33.5,7.92,24
2026-02-05 19:07:22,,,,,1.34,0.63,30.76,49.89,32.25,7.89,24
2026-02-05 19:37:11,,,,,1.34,0.64,28.41,50.67,31,7.87,24
2026-02-05 20:07:02,,,,,1.34,0.63,26.61,53.5,29.75,7.91,24
2026-02-05 20:36:53,,,,,1.33,0.63,24.7,58.59,28.25,7.9,24
2026-02-05 21:06:43,,,,,1.33,0.63,23.81,62.2,26.5,7.9,24
2026-02-05 21:39:03,,,,,1.33,0.62,23.02,62.74,25.25,7.89,22
2026-02-05 22:08:54,,,,,1.34,0.62,21.82,65.65,24,7.88,22
2026-02-05 22:38:45,,,,,1.33,0.62,21.07,69.25,23,7.86,22
2026-02-05 23:08:35,,,,,1.34,0.62,20.89,69.83,22,7.88,22
2026-02-05 23:38:28,,,,,1.33,0.61,20.76,67.35,21.75,7.87,22
2026-02-06 00:08:19,,,,,1.34,0.61,20.55,67.69,21.25,7.87,22
2026-02-06 00:38:11,,,,,1.34,0.61,19.65,72.57,20.75,7.86,22
2026-02-06 01:08:02,,,,,1.33,0.61,19.02,76.46,20.25,7.84,22
2026-02-06 01:37:52,,,,,1.33,0.61,18.63,75.52,19.5,7.87,22
2026-02-06 02:07:44,,,,,1.33,0.61,17.97,73.84,19.25,7.86,22
2026-02-06 02:37:36,,,,,1.33,0.61,17.75,75.9,18.5,7.87,22
2026-02-06 03:07:28,,,,,1.33,0.61,17.22,76.06,18,7.86,22
2026-02-06 03:37:19,,,,,1.34,0.61,16.96,75.51,17.75,7.83,22
2026-02-06 04:07:12,,,,,1.33,0.61,16.72,77.28,17.5,7.83,22
2026-02-06 04:37:05,,,,,1.33,0.61,17.38,71.17,17.25,7.85,22
2026-02-06 05:06:59,,,,,1.33,0.61,17.12,70.13,17.75,7.83,22
2026-02-06 05:36:51,,,,,1.33,0.6,17.02,70.29,17.5,7.85,22
2026-02-06 06:06:44,,,,,1.33,0.6,16.34,76.23,17.5,7.84,22
2026-02-06 06:36:36,,,,,1.33,0.6,15.47,78.28,16.75,7.85,22
2026-02-06 07:06:28,,,,,1.33,0.6,14.81,79.68,16.25,7.84,22
2026-02-06 07:36:20,,,,,1.34,0.6,17.09,71.53,16,7.83,22
2026-02-06 08:06:23,,,,,1.35,0.6,21.72,61.63,22.25,7.86,22
2026-02-06 08:36:30,,,,,1.35,0.6,27.04,50.97,29.25,7.84,22
2026-02-06 09:06:33,,,,,1.35,0.6,28.16,50.04,33.75,7.87,22
2026-02-06 09:38:39,,,,,0,0.6,29.4,47.89,36,7.86,25
2026-02-06 10:08:35,,,,,0,0.6,30.79,45.19,37.25,7.89,25
2026-02-06 10:38:29,,,,,0,0.6,31.45,45.31,37.5,7.91,25
2026-02-06 11:08:22,,,,,1.34,0.61,31.49,45.46,37.75,7.92,25
2026-02-06 11:38:15,,,,,0,0.61,32.06,44.48,37.75,7.94,25
2026-02-06 12:08:07,,,,,1.34,0.61,31.39,46.73,37.5,7.9,25
2026-02-06 12:38:00,,,,,0,0.61,30.75,46.77,37.25,7.93,25
2026-02-06 13:07:52,,,,,1.34,0.61,29.91,48.44,37,7.9,25
2026-02-06 13:37:45,,,,,1.33,0.61,30.21,48.26,36.75,7.89,25
2026-02-06 14:07:39,,,,,1.33,0.62,30.99,50.19,37.25,7.89,25
2026-02-06 14:37:32,,,,,1.33,0.62,31.47,47.06,37.5,7.94,25
2026-02-06 15:07:25,,,,,1.33,0.62,32.08,47.13,37.5,7.9,25
2026-02-06 15:37:18,,,,,1.33,0.62,33.04,44.08,37.75,7.93,25
2026-02-06 16:07:12,,,,,1.33,0.63,33.63,45.05,38.75,7.94,25
2026-02-06 16:37:05,,,,,1.34,0.63,32.84,45.1,39.25,7.94,25
2026-02-06 17:06:57,,,,,1.34,0.63,32.43,46.38,38.75,7.94,25
2026-02-06 17:36:48,,,,,1.34,0.63,35.93,41.25,38.25,7.95,25
2026-02-06 18:06:37,,,,,1.34,0.63,35.78,40.23,36.75,7.9,25
2026-02-06 18:36:26,,,,,1.34,0.64,35.38,40.72,35.5,7.93,25
2026-02-06 19:06:16,,,,,1.34,0.64,32.88,42.63,34.25,7.92,25
2026-02-06 19:36:07,,,,,1.34,0.64,30.61,45.17,33,7.93,25
2026-02-06 20:05:57,,,,,1.34,0.64,29.18,47.14,32.25,7.89,25
2026-02-06 20:35:47,,,,,1.34,0.64,26.29,54.41,30.75,7.9,25
2026-02-06 21:05:34,,,,,1.33,0.64,25.6,57.01,28.5,7.9,25
2026-02-06 21:37:34,,,,,1.33,0.64,24.7,58.32,27.25,7.89,23
2026-02-06 22:07:23,,,,,1.34,0.63,23.14,62.93,25.75,7.9,23
2026-02-06 22:37:13,,,,,1.34,0.63,22.32,63.34,24.5,7.89,23
2026-02-06 23:07:03,,,,,1.34,0.63,21.79,64.36,23.25,7.86,23
2026-02-06 23:36:54,,,,,1.33,0.62,21.88,63.56,22.5,7.88,23
2026-02-07 00:06:45,,,,,1.33,0.62,20.78,67.48,22,7.89,23
2026-02-07 00:36:36,,,,,1.33,0.62,20.21,62.94,21.5,7.87,23
2026-02-07 01:06:27,,,,,1.33,0.62,19.98,68.04,20.75,7.86,23
2026-02-07 01:36:18,,,,,1.33,0.62,19.03,73.95,20.25,7.88,23
2026-02-07 02:06:09,,,,,1.34,0.62,18.22,78.45,19.75,7.86,23
2026-02-07 02:36:00,,,,,1.34,0.61,18.11,76.08,19,7.86,23
2026-02-07 03:05:53,,,,,1.34,0.61,17.5,70.81,18.75,7.84,23
2026-02-07 03:35:45,,,,,1.34,0.61,17.78,70.93,18.25,7.86,23
2026-02-07 04:05:37,,,,,1.34,0.61,17.06,81.22,18,7.86,23
2026-02-07 04:35:29,,,,,1.34,0.61,17.06,78.55,17.75,7.83,23
2026-02-07 05:05:22,,,,,1.33,0.61,16.96,73.97,17.5,7.85,23
2026-02-07 05:35:14,,,,,1.33,0.61,17.54,65.9,17.5,7.85,23
2026-02-07 06:05:08,,,,,1.34,0.61,17.34,63.19,17.75,7.86,23
2026-02-07 06:35:01,,,,,1.33,0.6,17.13,69.19,17.75,7.83,23
2026-02-07 07:04:53,,,,,1.34,0.6,15.55,69.84,17.25,7.83,23
2026-02-07 08:04:45,,,,,1.34,0.6,21.52,52.49,21.5,7.83,23
2026-02-07 08:34:48,,,,,1.35,0.6,25.15,51.42,27,7.87,23
2026-02-07 09:04:52,,,,,1.35,0.6,31.12,40,33.5,7.86,23
2026-02-07 09:37:17,,,,,0,0.6,34.63,35.16,39.25,7.91,25
2026-02-07 10:07:15,,,,,1.35,0.6,34.77,35.6,41.75,7.92,25
2026-02-07 10:37:09,,,,,1.34,0.61,34.55,36.3,42,7.93,25
2026-02-07 11:07:03,,,,,0,0.6,35.48,36.85,42.5,7.92,25
2026-02-07 11:36:57,,,,,0,0.61,35.49,38.83,42.25,7.9,25
2026-02-07 12:06:50,,,,,0,0.61,34.12,38.23,41.5,7.93,25
2026-02-07 12:36:41,,,,,0,0.61,33.96,43.62,40.75,7.92,25
2026-02-07 13:06:33,,,,,1.34,0.61,32.53,40.93,40.25,7.9,25
2026-02-07 13:36:27,,,,,1.34,0.61,32.61,40.33,40.5,7.94,25
2026-02-07 14:06:20,,,,,1.34,0.62,33.33,40.43,40.75,7.95,25
2026-02-07 14:36:14,,,,,1.34,0.62,34.14,37.8,41.25,7.9,25
2026-02-07 15:06:07,,,,,1.34,0.62,34.56,39.63,41.75,7.95,25
2026-02-07 15:36:00,,,,,1.34,0.62,35.84,34.66,42,7.94,25
2026-02-07 16:05:54,,,,,1.34,0.62,36.62,37.54,42.5,7.92,25
2026-02-07 16:35:45,,,,,1.34,0.62,34.58,39.82,42,7.95,25
2026-02-07 17:05:35,,,,,1.34,0.63,33.87,40.87,40.25,7.94,25
2026-02-07 17:35:25,,,,,1.33,0.63,34.9,39.31,38.75,7.9,25
2026-02-07 18:05:14,,,,,1.33,0.63,35.59,36.81,37,7.94,25
2026-02-07 18:35:04,,,,,1.34,0.63,35.04,37.02,35.5,7.93,25
2026-02-07 19:04:54,,,,,1.34,0.63,33.33,38.33,34.25,7.89,25
2026-02-07 19:34:44,,,,,1.34,0.64,30.58,41.53,33.25,7.89,25
2026-02-07 20:04:33,,,,,1.34,0.64,27.57,41.38,31.25,7.93,25
2026-02-07 20:34:22,,,,,1.34,0.64,25.48,43.2,29.25,7.91,25
2026-02-07 21:04:10,,,,,1.34,0.64,23.49,47.33,27,7.9,25
2026-02-07 21:36:21,,,,,1.34,0.63,22.05,52.18,25,7.9,25
2026-02-07 22:06:11,,,,,1.34,0.63,21.79,52.32,23.25,7.88,25
2026-02-07 22:36:01,,,,,1.34,0.63,20.71,65.08,22.25,7.89,25
2026-02-07 23:05:52,,,,,1.34,0.62,20.04,64.82,21.25,7.88,25
2026-02-07 23:35:43,,,,,1.34,0.62,19.22,65.67,20.75,7.89,25
2026-02-08 00:05:35,,,,,1.34,0.62,18.62,64.15,19.75,7.88,25
2026-02-08 00:35:26,,,,,1.33,0.62,18.04,65.47,19.25,7.87,25
2026-02-08 01:05:18,,,,,1.34,0.62,17.8,70.01,18.5,7.87,25
2026-02-08 01:35:10,,,,,1.34,0.61,17.9,55.8,18,7.84,25
2026-02-08 02:05:02,,,,,1.34,0.61,16.38,73.57,17.75,7.83,25
2026-02-08 02:34:53,,,,,1.34,0.61,16.27,74.92,17,7.86,25
2026-02-08 03:04:44,,,,,1.34,0.61,15.78,79.33,16.5,7.86,25
2026-02-08 03:34:34,,,,,1.34,0.61,15.23,71.33,16,7.84,25
2026-02-08 04:04:27,,,,,1.34,0.61,14.68,67.07,15.5,7.83,25
2026-02-08 04:34:19,,,,,1.34,0.61,15.04,72.67,15.25,7.83,25
2026-02-08 05:04:12,,,,,1.34,0.6,13.85,77.54,14.75,7.84,25
2026-02-08 05:34:04,,,,,1.34,0.6,13.84,70.33,14.5,7.83,25
2026-02-08 06:03:56,,,,,1.34,0.6,13.28,74.06,14,7.83,25
2026-02-08 06:33:47,,,,,1.34,0.6,13.02,71.86,13.75,7.83,25
2026-02-08 07:03:40,,,,,1.34,0.6,12.67,75.38,13.25,7.84,25
2026-02-08 07:33:32,,,,,1.34,0.6,13.65,82.51,13.25,7.84,25
2026-02-08 08:03:32,,,,,1.35,0.6,19.95,59.04,18.5,7.83,25
2026-02-08 08:33:41,,,,,1.35,0.6,24.63,48.89,26.5,7.88,25
2026-02-08 09:03:44,,,,,1.35,0.6,26.25,42.96,31.25,7.86,25
2026-02-08 09:35:52,,,,,1.35,0.6,27.23,40.58,33.5,7.9,23
2026-02-08 10:05:46,,,,,1.35,0.6,30.01,37.07,34.5,7.88,23
2026-02-08 10:35:44,,,,,0,0.6,29.92,35.97,36.5,7.89,23
2026-02-08 11:05:36,,,,,0,0.6,30.66,36.79,36.5,7.89,23
2026-02-08 11:35:33,,,,,1.35,0.6,31.24,35.44,38,7.93,23
2026-02-08 12:05:27,,,,,0,0.61,31.56,35.21,38.5,7.9,23
2026-02-08 12:35:19,,,,,1.34,0.61,31.12,36.02,38.25,7.92,23
2026-02-08 13:05:09,,,,,1.34,0.61,29.69,41,37.5,7.9,23
2026-02-08 13:34:59,,,,,1.34,0.61,29.32,40.48,36.5,7.93,23
2026-02-08 14:04:51,,,,,1.34,0.61,29.94,39.28,36.5,7.89,23
2026-02-08 14:34:44,,,,,1.34,0.61,30.81,39.85,36.5,7.89,23
2026-02-08 15:04:37,,,,,1.34,0.62,31.01,38.91,36.75,7.9,23
2026-02-08 15:34:30,,,,,1.34,0.62,31.91,37.68,37,7.94,23
2026-02-08 16:04:25,,,,,1.34,0.62,33.95,34.14,38.25,7.9,23
2026-02-08 16:34:20,,,,,1.35,0.62,31.63,40.61,38.75,7.95,23
2026-02-08 17:04:11,,,,,1.34,0.62,31.26,42.58,38,7.95,23
2026-02-08 17:34:01,,,,,1.34,0.62,33.6,38.76,36.75,7.91,23
2026-02-08 18:03:48,,,,,1.34,0.62,33.26,39.14,34.75,7.89,23
2026-02-08 18:33:38,,,,,1.34,0.63,32.67,40.21,33.25,7.89,23
2026-02-08 19:03:28,,,,,1.35,0.63,32.16,42.51,32,7.89,23
2026-02-08 19:33:18,,,,,1.35,0.63,28.57,48.25,30.75,7.89,23
2026-02-08 20:03:08,,,,,1.35,0.62,25.43,52.57,29.25,7.91,23
2026-02-08 20:32:56,,,,,1.34,0.63,22.85,58.65,27,7.9,23
2026-02-08 21:02:44,,,,,1.34,0.63,21.42,61.03,24.5,7.84,23
2026-02-08 21:35:03,,,,,1.34,0.62,20.18,64.95,22.75,7.88,16
2026-02-08 22:04:53,,,,,1.34,0.62,19.4,68.76,21.5,7.86,16
2026-02-08 22:34:44,,,,,1.34,0.62,18.67,69.94,20.25,7.87,16
2026-02-08 23:04:35,,,,,1.34,0.61,18.08,71.45,19.5,7.88,16
2026-02-08 23:34:26,,,,,1.34,0.61,17.84,74.57,19,7.85,16
2026-02-09 00:04:19,,,,,1.34,0.61,17.51,76.05,18.25,7.88,16
2026-02-09 00:34:12,,,,,1.34,0.61,17.3,75.34,18.25,7.84,16
2026-02-09 01:04:05,,,,,1.34,0.61,16.94,73.37,17.75,7.83,16
2026-02-09 01:33:58,,,,,1.34,0.61,17.53,68.64,17.75,7.86,16
2026-02-09 02:03:51,,,,,1.34,0.61,17.43,70.71,18,7.86,16
2026-02-09 02:33:44,,,,,1.34,0.61,16.95,69.64,17.75,7.86,16
2026-02-09 03:03:37,,,,,1.34,0.6,16.39,72.94,17.5,7.86,16
2026-02-09 03:33:28,,,,,1.34,0.6,15.63,76.29,17,7.85,16
2026-02-09 04:03:21,,,,,1.34,0.6,15.31,82.41,16.5,7.83,16
2026-02-09 04:33:13,,,,,1.34,0.6,15,82.85,16,7.85,16
2026-02-09 05:03:05,,,,,1.34,0.6,15.42,82.33,15.75,7.85,16
2026-02-09 05:32:58,,,,,1.34,0.6,14.55,83.05,15.5,7.83,16
2026-02-09 06:02:50,,,,,1.34,0.6,14.59,79.59,15.25,7.83,16
2026-02-09 06:32:42,,,,,1.34,0.6,14.28,83.57,15,7.85,16
2026-02-09 07:02:36,,,,,1.34,0.6,13.6,86.24,14.5,7.85,16
2026-02-09 07:32:28,,,,,1.34,0.59,13.73,84.63,14.5,7.83,16
2026-02-09 08:02:27,,,,,1.36,0.59,20.55,63.32,19.25,7.85,16
2026-02-09 08:32:33,,,,,1.35,0.59,20.91,61.62,25.25,7.88,16
2026-02-09 09:02:30,,,,,1.35,0.59,22.62,57.56,27.5,7.89,16
2026-02-09 21:38:41,,,,,1.34,0.63,22.56,58.74,25,7.9,24
2026-02-09 22:08:31,,,,,1.34,0.63,21.3,68.51,23.5,7.86,24
2026-02-09 22:38:22,,,,,1.34,0.62,21.09,70.34,22.25,7.86,24
2026-02-09 23:08:13,,,,,1.34,0.62,21.06,68.21,21.75,7.85,24
2026-02-09 23:38:06,,,,,1.34,0.62,20.23,73.65,21.25,7.86,24
2026-02-10 00:07:59,,,,,1.34,0.62,19.74,69.5,20.75,7.88,24
2026-02-10 00:37:50,,,,,1.34,0.62,19.59,74.11,20.5,7.86,24
2026-02-10 01:07:43,,,,,1.34,0.62,18.78,71.24,20,7.84,24
2026-02-10 01:37:33,,,,,1.34,0.62,18.18,81.07,19.5,7.86,24
2026-02-10 02:07:24,,,,,1.35,0.61,18.24,77.29,19,7.84,24
2026-02-10 02:37:18,,,,,1.34,0.61,18.49,76.57,18.75,7.85,24
2026-02-10 03:07:10,,,,,1.34,0.61,17.44,77.5,18.5,7.86,24
2026-02-10 03:37:02,,,,,1.34,0.61,17.38,81.1,18,7.83,24
2026-02-10 04:06:54,,,,,1.34,0.61,17.18,79.25,17.75,7.84,24
2026-02-10 04:36:48,,,,,1.34,0.61,16.44,76.75,17.5,7.83,24
2026-02-10 05:06:40,,,,,1.35,0.61,16.02,82.14,17,7.84,24
2026-02-10 05:36:32,,,,,1.34,0.61,15.61,83.04,16.75,7.86,24
2026-02-10 06:06:23,,,,,1.34,0.6,15.69,83.79,16.25,7.83,24
2026-02-10 06:36:15,,,,,1.34,0.6,15.3,86.61,16,7.85,24
2026-02-10 07:06:08,,,,,1.34,0.6,15.29,86.09,16,7.83,24
2026-02-10 07:36:01,,,,,1.35,0.6,15.79,80.97,15.75,7.85,24
2026-02-10 08:06:02,,,,,1.35,0.6,21.97,63.45,20.5,7.86,24
2026-02-10 08:36:09,,,,,1.35,0.6,23.82,58.94,27,7.88,24
2026-02-10 09:06:11,,,,,1.35,0.6,26.62,53.86,31.75,7.9,24
2026-02-10 09:38:32,,,,,0,0.6,29.79,48.39,35.75,7.91,24
2026-02-10 10:08:29,,,,,1.36,0.6,29.85,46.69,37,7.9,24
2026-02-10 10:38:22,,,,,0,0.6,29.55,48.37,37,7.89,24
2026-02-10 11:08:13,,,,,1.35,0.61,30.59,47.15,36,7.89,24
2026-02-10 11:38:06,,,,,0,0.6,29.99,49.8,35.5,7.88,24
2026-02-10 12:08:01,,,,,1.34,0.61,30.73,48.24,36.25,7.89,24
2026-02-10 12:37:54,,,,,1.34,0.61,31.12,46.69,37,7.92,24
2026-02-10 13:07:48,,,,,1.35,0.61,29.79,45.27,37.5,7.9,24
2026-02-10 13:37:42,,,,,1.35,0.62,29.07,47.08,37.5,7.9,24
2026-02-10 14:07:36,,,,,1.35,0.62,29.79,47.85,37.75,7.93,24
2026-02-10 14:37:28,,,,,1.35,0.62,30.32,46.22,37.5,7.9,24
2026-02-10 15:07:22,,,,,1.35,0.62,30.8,45.82,37.25,7.93,24
2026-02-10 15:37:17,,,,,1.34,0.63,32,45.27,37.75,7.92,24
2026-02-10 16:07:11,,,,,1.35,0.63,34.07,40.58,38.5,7.95,24
2026-02-10 16:37:06,,,,,1.34,0.63,31.65,45.31,39.25,7.93,24
2026-02-10 17:06:53,,,,,1.34,0.63,30.41,46.93,36,7.93,24
2026-02-10 17:36:43,,,,,1.34,0.63,33.49,44.15,35,7.9,24
2026-02-10 18:06:34,,,,,1.34,0.63,32.52,41.25,33.5,7.9,24
2026-02-10 18:36:26,,,,,1.35,0.64,32.63,41.4,32.5,7.91,24
2026-02-10 19:06:16,,,,,1.35,0.64,30.29,42.89,31,7.92,24
2026-02-10 19:36:06,,,,,1.35,0.64,28.24,44.13,29.75,7.89,24
2026-02-10 20:05:57,,,,,1.35,0.64,25.16,49.67,28.5,7.87,24
2026-02-10 20:35:47,,,,,1.35,0.64,23.07,51.64,26.75,7.88,24
2026-02-10 21:05:35,,,,,1.34,0.64,21.48,54.78,24.5,7.84,24
2026-02-10 21:37:48,,,,,1.34,0.63,20.65,52.5,23,7.87,25
2026-02-10 22:07:38,,,,,1.34,0.63,19.77,60.19,21.75,7.89,25
2026-02-10 22:37:29,,,,,1.34,0.62,19.07,59.32,20.75,7.85,25
2026-02-10 23:07:19,,,,,1.34,0.62,18.43,60.73,20,7.88,25
2026-02-10 23:37:10,,,,,1.34,0.61,17.52,66.22,19,7.86,25
2026-02-11 00:07:01,,,,,1.34,0.61,17.15,66.35,18.25,7.84,25
2026-02-11 00:36:53,,,,,1.35,0.61,17.18,64.7,17.75,7.87,25
2026-02-11 01:06:46,,,,,1.34,0.61,16.47,74.6,17.25,7.84,25
2026-02-11 01:36:37,,,,,1.34,0.61,15.87,71.85,17,7.84,25
2026-02-11 02:06:30,,,,,1.34,0.6,15.19,77.55,16.5,7.85,25
2026-02-11 02:36:22,,,,,1.34,0.6,15.04,78.14,15.75,7.83,25
2026-02-11 03:06:15,,,,,1.34,0.6,14.58,70.77,15.25,7.85,25
2026-02-11 03:36:06,,,,,1.34,0.6,14.11,73.87,14.75,7.85,25
2026-02-11 04:05:59,,,,,1.34,0.61,14.54,67.67,14.75,7.83,25
2026-02-11 04:35:52,,,,,1.34,0.6,14.7,65.4,14.75,7.83,25
2026-02-11 05:05:46,,,,,1.34,0.6,14.15,73.48,14.75,7.85,25
2026-02-11 05:35:37,,,,,1.35,0.6,13.64,73.78,14.5,7.84,25
2026-02-11 06:05:29,,,,,1.34,0.6,13.93,69.04,14,7.84,25
2026-02-11 06:35:23,,,,,1.35,0.6,13.17,69.89,14,7.84,25
2026-02-11 07:05:15,,,,,1.34,0.6,13.33,68.21,13.75,7.84,25
2026-02-11 07:35:07,,,,,1.34,0.59,13.72,71.24,13.5,7.83,25
2026-02-11 08:05:07,,,,,0,0.59,19.25,55.78,18.5,7.85,25
2026-02-11 08:35:15,,,,,1.35,0.6,21.2,52.37,25.25,7.84,25
2026-02-11 09:05:15,,,,,0,0.59,25.03,46.81,29.5,7.86,25
2026-02-11 09:37:31,,,,,0,0.59,29.04,40.13,35,7.86,26
2026-02-11 10:07:30,,,,,1.37,0.6,29.45,39.76,38.25,7.89,26
2026-02-11 10:37:25,,,,,1.35,0.6,29.14,40.63,39.25,7.9,26
2026-02-11 11:07:18,,,,,1.36,0.6,29.47,38.29,39.5,7.91,26
2026-02-11 11:37:12,,,,,0,0.6,29.68,40.2,39.5,7.9,26
2026-02-11 12:06:59,,,,,1.35,0.6,30.81,41.5,37.75,7.89,26
2026-02-11 12:36:51,,,,,1.34,0.6,29.13,42.23,37.25,7.93,26
2026-02-11 13:06:43,,,,,1.36,0.61,29.1,38.06,36.5,7.88,26
2026-02-11 13:36:36,,,,,1.35,0.61,28.33,40.12,37,7.9,26
2026-02-11 14:06:30,,,,,1.35,0.61,29.5,40.73,37.5,7.93,26
2026-02-11 14:36:22,,,,,1.35,0.61,30.25,39.94,37.25,7.94,26
2026-02-11 15:06:15,,,,,1.35,0.61,30.73,40.8,37,7.94,26
2026-02-11 15:36:07,,,,,1.34,0.62,31.88,37.77,37.25,7.9,26
2026-02-11 16:06:01,,,,,1.35,0.62,33.31,37.52,37.75,7.94,26
2026-02-11 16:35:53,,,,,1.35,0.62,31.37,39.22,38,7.9,26
2026-02-11 17:05:44,,,,,1.34,0.62,31.48,35.76,37.75,7.9,26
2026-02-11 17:35:35,,,,,1.35,0.62,34.27,31.22,36.5,7.89,26
2026-02-11 18:05:25,,,,,1.35,0.63,33.84,30.66,35.25,7.93,26
2026-02-11 18:35:15,,,,,1.35,0.63,33.22,33.17,33.5,7.89,26
2026-02-11 19:05:04,,,,,1.35,0.63,32.03,36.48,32,7.92,26
2026-02-11 19:34:55,,,,,1.35,0.64,29.1,39.31,30.75,7.92,26
2026-02-11 20:04:46,,,,,1.35,0.64,26.34,44.26,29.5,7.91,26
2026-02-11 20:34:35,,,,,1.35,0.64,23.69,52.38,27.5,7.89,26
2026-02-11 21:04:22,,,,,1.35,0.64,23.04,49.59,25.5,7.89,26
2026-02-11 21:36:23,,,,,0,0.64,22.27,51.63,24.25,7.89,19
2026-02-11 22:06:13,,,,,1.35,0.64,21.38,53.14,23.25,7.88,19
2026-02-11 22:36:03,,,,,1.35,0.63,19.61,63.25,22,7.89,19
2026-02-11 23:05:53,,,,,1.35,0.63,19.55,63.44,20.75,7.88,19
2026-02-11 23:35:45,,,,,1.35,0.63,19.17,64.34,20,7.88,19
2026-02-12 00:05:36,,,,,1.35,0.63,18.75,65.15,19.5,7.86,19
2026-02-12 00:35:29,,,,,1.35,0.62,18.09,68.17,19,7.86,19
2026-02-12 01:05:22,,,,,1.35,0.62,16.88,72.56,18.25,7.87,19
2026-02-12 01:35:15,,,,,1.35,0.62,16.57,78.84,17.5,7.86,19
2026-02-12 02:05:06,,,,,1.35,0.61,15.9,77.86,17,7.86,19
2026-02-12 02:34:58,,,,,1.35,0.61,15.31,78.95,16.25,7.85,19
2026-02-12 03:04:49,,,,,1.35,0.61,14.94,70.53,15.75,7.84,19
2026-02-12 03:34:42,,,,,1.35,0.61,14.84,73.15,15.25,7.83,19
2026-02-12 04:04:34,,,,,1.35,0.61,14.35,78.92,15,7.83,19
2026-02-12 04:34:26,,,,,1.34,0.6,13.92,75.86,14.75,7.85,19
2026-02-12 05:04:18,,,,,1.35,0.6,13.33,79.52,14.25,7.83,19
2026-02-12 05:34:09,,,,,1.34,0.6,13.06,72.64,13.75,7.83,19
2026-02-12 06:04:01,,,,,1.35,0.6,13.19,70.09,13.5,7.84,19
2026-02-12 06:33:54,,,,,1.34,0.6,13.15,72.93,13.25,7.84,19
2026-02-12 07:03:46,,,,,1.35,0.6,12.5,79.27,13.25,7.83,19
2026-02-12 07:33:37,,,,,1.35,0.6,12.7,69.17,13.25,7.83,19
2026-02-12 08:03:36,,,,,1.36,0.6,20.53,52.07,17.75,7.84,19
2026-02-12 08:33:45,,,,,1.36,0.59,22.86,51.83,25.75,7.87,19
2026-02-12 09:03:50,,,,,0,0.59,27.77,45.8,31.5,7.85,19
2026-02-12 09:36:08,,,,,0,0.6,29.25,41.86,36.75,7.88,25
2026-02-12 10:06:04,,,,,0,0.6,31.95,37.19,38.5,7.89,25
2026-02-12 10:35:58,,,,,0,0.6,30.35,40.61,38.5,7.93,25
2026-02-12 11:05:50,,,,,1.36,0.6,30.53,37.78,38,7.89,25
2026-02-12 11:35:44,,,,,0,0.6,30.89,39.23,38.75,7.93,25
2026-02-12 12:05:35,,,,,1.35,0.6,30.52,37.3,37.5,7.92,25
2026-02-12 12:35:28,,,,,1.36,0.6,30.46,38.88,37.5,7.93,25
2026-02-12 13:05:22,,,,,1.35,0.6,30.4,39.06,37.75,7.92,25
2026-02-12 13:35:16,,,,,1.35,0.61,29.38,39.98,38,7.94,25
2026-02-12 14:05:09,,,,,1.35,0.61,30.25,39.17,38,7.9,25
2026-02-12 14:35:01,,,,,1.35,0.61,30.67,40.21,37.5,7.94,25
2026-02-12 15:04:53,,,,,1.35,0.61,31.02,39.75,37.25,7.9,25
2026-02-12 15:34:45,,,,,1.35,0.61,31.26,40.82,37,7.93,25
2026-02-12 16:04:36,,,,,1.35,0.62,33.14,39.7,37.25,7.9,25
2026-02-12 16:34:31,,,,,1.35,0.62,31.89,39.4,38.25,7.94,25
2026-02-12 17:04:24,,,,,1.35,0.62,31.42,39.5,38.25,7.93,25
2026-02-12 17:34:15,,,,,1.35,0.63,34.48,35.57,37.5,7.94,25
2026-02-12 18:04:05,,,,,1.35,0.63,34.94,34.64,36,7.9,25
2026-02-12 18:33:54,,,,,1.35,0.64,35.01,36.57,34.75,7.93,25
2026-02-12 19:03:43,,,,,1.35,0.64,33.4,37.18,33.25,7.89,25
2026-02-12 19:33:33,,,,,1.35,0.64,30.4,39.28,32,7.9,25
2026-02-12 20:03:23,,,,,1.35,0.64,27.41,42.82,30.75,7.91,25
2026-02-12 20:33:13,,,,,1.35,0.65,24.83,47.33,28.75,7.9,25
2026-02-12 21:03:02,,,,,1.35,0.65,23.97,47.7,26.5,7.86,25
2026-02-12 21:35:03,,,,,1.35,0.65,23.18,49.6,25.25,7.9,20
2026-02-12 22:04:53,,,,,1.35,0.65,21.87,52.83,24,7.87,20
2026-02-12 22:34:43,,,,,1.35,0.64,20.5,64.4,22.75,7.88,20
2026-02-12 23:04:34,,,,,1.35,0.64,20.38,64.18,21.5,7.85,20
2026-02-12 23:34:25,,,,,1.35,0.64,19.88,64.96,20.75,7.87,20
2026-02-13 00:04:18,,,,,1.35,0.64,19.19,65.71,20.25,7.87,20
2026-02-13 00:34:09,,,,,1.35,0.63,18.22,62.84,19.5,7.87,20
2026-02-13 01:04:00,,,,,1.35,0.63,17.89,66.62,18.75,7.84,20
2026-02-13 01:33:52,,,,,1.35,0.63,17.15,66.78,18,7.84,20
2026-02-13 02:03:43,,,,,1.35,0.62,16.18,68.74,17.5,7.86,20
2026-02-13 02:33:34,,,,,1.36,0.62,16.12,69.34,17,7.86,20
2026-02-13 03:03:26,,,,,1.35,0.62,15.37,65.57,16.5,7.84,20
2026-02-13 03:33:19,,,,,1.35,0.62,15.17,76.48,16,7.85,20
2026-02-13 04:03:11,,,,,1.35,0.61,15.28,72.91,15.75,7.85,20
2026-02-13 04:33:04,,,,,1.35,0.61,14.6,79.3,15.5,7.83,20
2026-02-13 05:02:55,,,,,1.35,0.61,14.75,75.32,15.25,7.86,20
2026-02-13 05:32:47,,,,,1.35,0.61,15.11,69.86,15,7.84,20
2026-02-13 06:02:40,,,,,1.35,0.61,14.48,73.46,14.75,7.85,20
2026-02-13 06:32:33,,,,,1.35,0.6,15.19,63.72,15,7.84,20
2026-02-13 07:02:27,,,,,1.35,0.6,15.54,58.8,15.25,7.84,20
2026-02-13 07:32:19,,,,,1.35,0.6,15.06,61.14,15.25,7.84,20
2026-02-13 08:02:14,,,,,1.36,0.6,19.87,50.48,17.25,7.83,20
2026-02-13 08:32:22,,,,,1.36,0.6,22.09,45.62,24.5,7.87,20
2026-02-13 09:02:22,,,,,1.36,0.6,25.33,42.5,29,7.89,20
2026-02-13 09:34:57,,,,,1.36,0.6,30.89,37.78,34.25,7.9,22
2026-02-13 10:05:30,,,,,0,0.6,32.86,34.76,39,7.91,26
2026-02-13 10:35:28,,,,,1.36,0.6,31.98,36.04,41,7.93,26
2026-02-13 11:05:19,,,,,0,0.6,33.59,34.92,40.75,7.92,26
2026-02-13 11:35:14,,,,,1.36,0.6,32.89,36.97,41.25,7.94,26
2026-02-13 12:05:06,,,,,0,0.6,32.35,37.2,40.5,7.89,26
2026-02-13 12:34:58,,,,,1.35,0.61,32.15,39.14,40.25,7.94,26
2026-02-13 13:04:51,,,,,1.35,0.61,31.86,37.07,40,7.89,26
2026-02-13 13:34:42,,,,,1.36,0.61,30.5,38.9,39,7.93,26
2026-02-13 14:04:34,,,,,1.35,0.61,31.33,39.32,38.5,7.93,26
2026-02-13 14:34:26,,,,,1.35,0.62,32.25,38.04,38.25,7.94,26
2026-02-13 15:04:21,,,,,1.35,0.62,33.11,39.08,39,7.93,26
2026-02-13 15:34:15,,,,,1.35,0.62,33.88,38.04,39.75,7.94,26
2026-02-13 16:04:09,,,,,1.35,0.63,35.17,34.59,40,7.94,26
2026-02-13 16:34:03,,,,,1.36,0.63,33.85,35.45,40.25,7.94,26
2026-02-13 17:03:54,,,,,1.35,0.64,33.32,35.17,40.25,7.95,26
2026-02-13 17:33:45,,,,,1.35,0.64,35.97,29.91,39.25,7.95,26
2026-02-13 18:03:35,,,,,1.35,0.65,36.5,30.7,37.5,7.94,26
2026-02-13 18:33:24,,,,,1.35,0.65,36.11,29.43,36,7.89,26
2026-02-13 19:03:14,,,,,1.36,0.66,35.21,31.57,34.75,7.94,26
2026-02-13 19:33:04,,,,,1.36,0.67,32.5,34.09,33.5,7.89,26
2026-02-13 20:02:54,,,,,1.36,0.67,28.7,39.53,32.25,7.91,26
2026-02-13 20:32:42,,,,,1.35,0.67,25.27,50.2,30,7.91,26
2026-02-13 21:02:29,,,,,1.35,0.67,24.8,41.87,27.25,7.9,26
2026-02-13 21:34:24,,,,,1.35,0.67,23.42,49.84,26,7.89,26
2026-02-13 22:04:42,,,,,1.35,0.67,21.85,58.84,24.25,7.9,26
2026-02-13 22:34:32,,,,,1.36,0.67,20.32,61.29,22.5,7.87,26
2026-02-13 23:04:23,,,,,1.35,0.66,21.09,53.65,21.75,7.88,26
2026-02-13 23:34:14,,,,,1.35,0.66,20.59,57.22,21.25,7.89,26
2026-02-14 00:04:06,,,,,1.35,0.66,19.39,68.6,21,7.87,26
2026-02-14 00:33:57,,,,,1.35,0.65,18.67,64.27,20,7.87,26
2026-02-14 01:03:47,,,,,1.35,0.65,18.4,60.55,19.25,7.87,26
2026-02-14 01:33:39,,,,,1.35,0.64,17.92,63.5,18.75,7.87,26
2026-02-14 02:03:31,,,,,1.36,0.64,17.36,73.27,18,7.84,26
2026-02-14 02:33:23,,,,,1.35,0.64,16.77,74.33,17.5,7.84,26
2026-02-14 03:03:15,,,,,1.35,0.64,15.91,80.6,17,7.86,26
2026-02-14 03:33:06,,,,,1.35,0.64,16.58,60.21,16.75,7.87,26
2026-02-14 04:02:57,,,,,1.35,0.63,16.08,77.33,16.5,7.86,26
2026-02-14 04:32:48,,,,,1.35,0.63,15.63,80.89,16,7.83,26
2026-02-14 05:02:40,,,,,1.35,0.62,15.71,60.39,15.75,7.83,26
2026-02-14 05:32:32,,,,,1.35,0.62,14.46,76.51,15.5,7.83,26
2026-02-14 06:02:25,,,,,1.35,0.62,14.05,77.05,15.25,7.84,26
2026-02-14 06:32:16,,,,,1.35,0.62,14.92,63.45,15,7.84,26
2026-02-14 07:02:11,,,,,1.35,0.61,15.92,56.18,15.5,7.83,26
2026-02-14 07:32:05,,,,,1.35,0.61,14.67,70.67,15.75,7.84,26
2026-02-14 08:01:57,,,,,1.36,0.61,15.29,68.23,16,7.84,26
2026-02-14 08:31:58,,,,,1.37,0.61,22.09,55.68,21.5,7.86,26
2026-02-14 09:02:09,,,,,0,0.6,29.96,38.13,30.5,7.88,26
2026-02-14 09:34:24,,,,,1.36,0.6,29.74,39.17,37.25,7.87,26
2026-02-14 10:05:53,,,,,0,0.6,31.65,38.4,39.75,7.92,26
2026-02-14 10:35:45,,,,,0,0.6,30.4,38.47,38.75,7.92,26
2026-02-14 11:05:37,,,,,0,0.6,29.12,39.53,38,7.92,26
2026-02-14 11:35:26,,,,,1.35,0.6,29.44,39.91,36,7.89,26
2026-02-14 12:05:17,,,,,1.36,0.6,28.51,42.35,35.25,7.91,26
2026-02-14 12:35:09,,,,,1.35,0.6,29.09,42.72,35.5,7.88,26
2026-02-14 13:05:01,,,,,1.36,0.61,29.96,42.39,34.75,7.9,26
2026-02-14 13:34:55,,,,,1.36,0.61,29.75,42.05,35.5,7.89,26
2026-02-14 14:04:48,,,,,1.35,0.61,30.37,38.56,36,7.89,26
2026-02-14 14:34:45,,,,,1.36,0.61,30.53,38.78,37.5,7.94,26
2026-02-14 15:04:36,,,,,1.36,0.62,32.07,37.52,37,7.93,26
2026-02-14 15:34:32,,,,,1.35,0.62,31.06,37.03,37.75,7.93,26
2026-02-14 16:04:23,,,,,1.35,0.62,32.26,39.55,37,7.89,26
2026-02-14 16:34:17,,,,,1.36,0.63,31.31,38.93,37.75,7.91,26
2026-02-14 17:04:11,,,,,1.35,0.63,31.71,37.07,38.25,7.94,26
2026-02-14 17:34:04,,,,,1.36,0.64,34.7,33.54,38.75,7.9,26
2026-02-14 18:03:52,,,,,1.36,0.64,34.49,33.98,36.75,7.9,26
2026-02-14 18:33:42,,,,,1.36,0.65,34.36,33.52,35,7.9,26
2026-02-14 19:03:31,,,,,1.36,0.65,33.29,37.77,33.75,7.9,26
2026-02-14 19:33:21,,,,,1.36,0.66,30.77,40.29,32.5,7.89,26
2026-02-14 20:03:12,,,,,1.36,0.66,27.52,46.77,31.25,7.9,26
2026-02-14 20:33:00,,,,,1.35,0.67,24.46,53.84,28.75,7.9,26
2026-02-14 21:02:47,,,,,1.35,0.67,23.01,56.48,26.25,7.9,26
2026-02-14 21:34:45,,,,,1.35,0.67,21.5,59.46,24.5,7.89,20
2026-02-14 22:05:28,,,,,1.35,0.67,20.17,62.94,23,7.88,19
2026-02-14 22:35:18,,,,,1.35,0.66,19.76,67.76,21.5,7.87,19
2026-02-14 23:05:09,,,,,1.35,0.66,19.38,69.51,20.5,7.86,19
2026-02-14 23:35:00,,,,,1.35,0.66,19.02,70.89,20,7.88,19
2026-02-15 00:04:52,,,,,1.35,0.65,18.33,72.27,19.5,7.86,19
2026-02-15 00:34:44,,,,,1.35,0.65,17.9,73.36,19,7.87,19
2026-02-15 01:04:36,,,,,1.35,0.65,17.41,73.46,18.5,7.87,19
2026-02-15 01:34:28,,,,,1.35,0.64,17.17,71.03,17.75,7.87,19
2026-02-15 02:04:20,,,,,1.35,0.64,16.4,74.05,17.5,7.85,19
2026-02-15 02:34:12,,,,,1.35,0.64,15.93,76.61,17,7.86,19
2026-02-15 03:04:04,,,,,1.35,0.64,15.48,76.06,16.5,7.87,19
2026-02-15 03:33:54,,,,,1.35,0.64,14.95,74.24,15.75,7.85,19
2026-02-15 04:03:48,,,,,1.36,0.63,14.51,80,15.5,7.83,19
2026-02-15 04:33:40,,,,,1.35,0.63,14.08,79.41,15,7.84,19
2026-02-15 05:03:32,,,,,1.35,0.63,13.76,71.84,14.5,7.84,19
2026-02-15 05:33:24,,,,,1.35,0.63,14.2,70,14.5,7.85,19
2026-02-15 06:03:17,,,,,1.35,0.62,13.07,82.54,14.25,7.85,19
2026-02-15 06:33:09,,,,,1.36,0.62,12.86,82.77,13.75,7.84,19
2026-02-15 07:03:01,,,,,1.35,0.61,12.75,81.74,13.5,7.84,19
2026-02-15 07:32:52,,,,,1.35,0.61,12.53,83.25,13.25,7.83,19
2026-02-15 08:02:48,,,,,1.36,0.61,17.68,62.58,16.5,7.83,19
2026-02-15 08:32:58,,,,,1.36,0.6,23.14,51.17,24.75,7.86,19
2026-02-15 09:03:04,,,,,0,0.6,28.21,44.73,31.75,7.89,19
2026-02-15 09:35:22,,,,,1.37,0.61,29.99,42.14,37,7.89,16
2026-02-15 10:05:19,,,,,1.37,0.6,31.1,38.68,38.5,7.9,16
2026-02-15 10:35:14,,,,,1.37,0.6,32.71,37.79,40.25,7.93,16
2026-02-15 11:05:07,,,,,1.37,0.61,31.15,38.93,39.75,7.92,16
2026-02-15 11:34:59,,,,,0,0.61,32.83,39.83,39.25,7.9,16
2026-02-15 12:04:53,,,,,1.37,0.61,32.64,38.34,40,7.93,16
2026-02-15 12:34:46,,,,,1.36,0.61,33.01,38.9,40.75,7.94,16
2026-02-15 13:04:40,,,,,0,0.61,31.11,37.44,40.75,7.92,16
2026-02-15 13:34:30,,,,,1.35,0.61,30.26,41.83,39.75,7.94,16
2026-02-15 14:04:21,,,,,1.35,0.62,30.43,42.3,39.5,7.94,16
2026-02-15 14:34:12,,,,,0,0.62,31.02,38.77,38.5,7.89,16
2026-02-15 15:04:05,,,,,1.35,0.62,31.62,39.56,38.5,7.94,16
2026-02-15 15:33:58,,,,,1.35,0.63,31.59,40.46,38.25,7.94,16
2026-02-15 16:03:51,,,,,1.36,0.64,33.49,38.45,38.5,7.94,16
2026-02-15 16:33:44,,,,,1.36,0.64,32.01,42.15,38.75,7.94,16
2026-02-15 17:03:36,,,,,1.35,0.65,31.87,42.27,38.5,7.93,16
2026-02-15 17:33:28,,,,,1.35,0.66,35.02,38.11,37.5,7.91,16
2026-02-15 18:03:17,,,,,1.36,0.67,34.62,39.64,36,7.89,16
2026-02-15 18:33:06,,,,,1.36,0.67,33.23,40.91,34.25,7.9,16
2026-02-15 19:02:55,,,,,1.36,0.68,32.1,41.98,32.5,7.9,16
2026-02-15 19:32:45,,,,,1.36,0.69,29.5,44.19,31,7.91,16
2026-02-15 20:02:36,,,,,1.36,0.67,26.63,48.56,29.75,7.88,16
2026-02-15 20:32:25,,,,,1.35,0.68,23.88,54.25,27.75,7.91,16
2026-02-15 21:02:14,,,,,1.35,0.68,22.44,55.17,25.5,7.89,16
2026-02-16 09:38:57,,,,,1.37,0.6,27.83,40.06,33.75,7.88,19
2026-02-16 10:08:55,,,,,1.37,0.6,30.35,38.93,36,7.87,19
2026-02-16 10:38:50,,,,,0,0.6,31.81,36.64,37.5,7.88,19
2026-02-16 11:08:47,,,,,1.37,0.61,32.54,33.12,38.75,7.89,19
2026-02-16 11:38:42,,,,,0,0.6,31.75,37.89,39.75,7.92,19
2026-02-16 12:08:35,,,,,1.36,0.61,32.79,36.72,39.25,7.9,19
2026-02-16 12:38:28,,,,,1.36,0.61,31.96,38.32,39.5,7.93,19
2026-02-16 13:08:21,,,,,0,0.61,31.78,39.53,38.75,7.95,19
2026-02-16 13:38:13,,,,,1.36,0.61,30.67,39.53,38.75,7.93,19
2026-02-16 14:08:06,,,,,1.35,0.62,31.13,39.93,38.25,7.95,19
2026-02-16 14:37:59,,,,,1.35,0.62,31.68,38.34,38,7.9,19
2026-02-16 15:07:53,,,,,1.35,0.62,32.31,37.29,38.25,7.89,19
2026-02-16 15:37:47,,,,,1.35,0.63,32.83,33.09,38.5,7.94,19
2026-02-16 16:07:41,,,,,1.36,0.64,34.27,38.2,39,7.9,19
2026-02-16 16:37:35,,,,,1.36,0.64,33.34,37.13,39.25,7.95,19
2026-02-16 17:07:29,,,,,1.36,0.65,32.93,36.73,39,7.93,19
2026-02-16 17:37:19,,,,,1.36,0.66,36.4,35.02,38.25,7.9,19
2026-02-16 18:07:10,,,,,1.35,0.67,35.89,34.57,37.25,7.9,19
2026-02-16 18:36:59,,,,,1.36,0.68,34.69,35.9,35.25,7.89,19
2026-02-16 19:06:48,,,,,1.37,0.69,33.47,36,33.75,7.92,19
2026-02-16 19:36:37,,,,,1.36,0.69,29.95,37.6,32,7.9,19
2026-02-16 20:06:27,,,,,1.37,0.7,26.69,41.34,30.5,7.89,19
2026-02-16 20:36:15,,,,,1.36,0.7,24.19,45.05,28,7.88,19
2026-02-16 21:06:02,,,,,1.36,0.7,21.83,49.56,25.75,7.89,19
2026-02-16 21:38:21,,,,,1.36,0.7,20.75,55.36,23.75,7.9,24
2026-02-16 22:08:10,,,,,1.36,0.69,20.19,61.13,22,7.88,24
2026-02-16 22:38:02,,,,,1.36,0.68,20.59,49.8,21.25,7.84,24
2026-02-16 23:07:54,,,,,1.36,0.68,19.66,64.21,20.75,7.85,24
2026-02-16 23:37:44,,,,,1.36,0.67,18.19,72.86,19.75,7.87,24
2026-02-17 00:07:35,,,,,1.36,0.67,16.83,60.75,18.75,7.86,24
2026-02-17 00:37:25,,,,,1.36,0.66,16.4,69.72,17.75,7.87,24
2026-02-17 01:07:15,,,,,1.36,0.65,15.71,64.14,17,7.85,24
2026-02-17 01:37:07,,,,,1.36,0.65,14.85,73.95,16.25,7.85,24
2026-02-17 02:06:59,,,,,1.36,0.64,14.64,69.68,15.5,7.85,24
2026-02-17 02:36:50,,,,,1.36,0.64,13.92,71.6,14.75,7.83,24
2026-02-17 03:06:43,,,,,1.36,0.63,13.46,71.83,14.25,7.85,24
2026-02-17 03:36:36,,,,,1.36,0.63,13.4,75.6,13.75,7.84,24
2026-02-17 04:06:29,,,,,1.36,0.63,12.65,82.76,13.25,7.84,24
2026-02-17 04:36:21,,,,,0,0.62,12.67,64.86,13,7.84,24
2026-02-17 05:06:14,,,,,1.35,0.62,13.34,59.42,12.75,7.84,24
2026-02-17 05:36:09,,,,,1.36,0.61,14.49,48.87,13.75,7.85,24
2026-02-17 06:06:03,,,,,1.36,0.61,12.76,54.69,14,7.83,24
2026-02-17 06:35:54,,,,,1.35,0.6,13.04,56.13,13.5,7.84,24
2026-02-17 07:05:46,,,,,1.35,0.6,11.87,71.05,13.25,7.84,24
2026-02-17 07:35:39,,,,,1.35,0.59,11.85,58.14,12.5,7.83,24
2026-02-17 08:05:36,,,,,1.37,0.59,19.72,45.07,16.75,7.84,24
2026-02-17 08:35:44,,,,,0,0.59,22.03,44.93,24.25,7.87,24
2026-02-17 09:05:51,,,,,0,0.59,28.65,33.83,31.5,7.89,24
2026-02-17 09:38:07,,,,,0,0.59,31.17,31.38,37,7.88,26
2026-02-17 10:08:02,,,,,1.38,0.59,31.23,29.3,38.5,7.92,26
2026-02-17 10:37:56,,,,,0,0.59,31.18,29.98,39,7.92,26
2026-02-17 11:07:48,,,,,1.37,0.59,31.31,27.86,38.75,7.93,26
2026-02-17 11:37:39,,,,,1.36,0.59,31.22,30.48,37.75,7.89,26
2026-02-17 12:07:33,,,,,1.36,0.6,32.07,28.03,38,7.92,26
2026-02-17 12:37:27,,,,,1.36,0.6,31.63,33.49,38.5,7.93,26
2026-02-17 13:07:18,,,,,1.36,0.6,31.01,31.67,38,7.94,26
2026-02-17 13:37:11,,,,,1.36,0.61,30.35,32.06,38,7.89,26
2026-02-17 14:07:04,,,,,1.36,0.61,30.53,36.02,38.25,7.91,26
2026-02-17 14:36:57,,,,,1.36,0.61,31.45,31.26,38.5,7.94,26
2026-02-17 15:06:50,,,,,1.36,0.62,31.93,31.94,38.25,7.94,26
2026-02-17 15:36:43,,,,,1.36,0.62,32.49,30.57,38.75,7.94,26
2026-02-17 16:06:37,,,,,1.36,0.63,34.18,30.83,39,7.96,26
2026-02-17 16:36:31,,,,,1.36,0.63,32.47,31.94,39.5,7.9,26
2026-02-17 17:06:24,,,,,1.36,0.64,32.56,31.77,39.75,7.9,26
2026-02-17 17:36:16,,,,,1.36,0.65,35.73,29.55,38.75,7.95,26
2026-02-17 18:06:05,,,,,1.36,0.66,35.93,28.47,37,7.9,26
2026-02-17 18:35:53,,,,,1.37,0.67,35.76,29.89,35.25,7.9,26
2026-02-17 19:05:42,,,,,1.36,0.68,33.68,34.22,33.75,7.93,26
2026-02-17 19:35:32,,,,,1.36,0.68,30.72,39.57,32.25,7.92,26
2026-02-17 20:05:22,,,,,1.37,0.69,27.41,42.9,30.75,7.91,26
2026-02-17 20:35:10,,,,,1.36,0.69,25.27,47.65,28.75,7.93,26
2026-02-17 21:04:58,,,,,1.36,0.69,24.08,50.57,26.5,7.89,26
2026-02-17 21:37:05,,,,,1.36,0.69,22.91,53.58,25.25,7.9,24
2026-02-17 22:06:55,,,,,1.36,0.69,21.22,58.68,23.75,7.87,24
2026-02-17 22:36:44,,,,,1.36,0.68,20.94,64.75,22.25,7.88,24
2026-02-17 23:06:36,,,,,1.36,0.68,21.54,62.47,21.75,7.89,24
2026-02-17 23:36:28,,,,,1.36,0.68,19.56,65.21,21.25,7.89,24
2026-02-18 00:06:20,,,,,1.36,0.68,18.76,67.44,20,7.85,24
2026-02-18 00:36:11,,,,,1.36,0.67,17.99,70.7,19.25,7.86,24
2026-02-18 01:06:02,,,,,1.36,0.67,17.45,70.88,18.5,7.83,24
2026-02-18 01:35:53,,,,,1.36,0.67,17.37,69.48,18,7.86,24
2026-02-18 02:05:45,,,,,1.36,0.66,16.8,70.87,17.5,7.86,24
2026-02-18 02:35:36,,,,,1.36,0.66,16.65,72.24,17,7.86,24
2026-02-18 03:05:28,,,,,1.36,0.66,17.68,61.86,17.25,7.83,24
2026-02-18 03:35:23,,,,,1.36,0.66,17.64,67.84,17.75,7.85,24
2026-02-18 04:05:15,,,,,1.36,0.65,16.21,77.77,17.25,7.83,24
2026-02-18 04:35:07,,,,,1.36,0.65,16.81,70.88,17,7.86,24
2026-02-18 05:04:59,,,,,1.36,0.64,14.99,80.52,16.75,7.83,24
2026-02-18 05:34:50,,,,,1.36,0.64,15.07,67.2,16,7.83,24
2026-02-18 06:04:43,,,,,1.36,0.64,16.24,62.64,16,7.84,24
2026-02-18 06:34:36,,,,,1.36,0.63,16.76,60.95,16.25,7.84,24
2026-02-18 07:04:30,,,,,1.36,0.62,16.26,61.84,16.75,7.83,24
2026-02-18 07:34:22,,,,,1.36,0.62,14.1,70.81,16,7.85,24
2026-02-18 08:04:15,,,,,1.37,0.61,20.24,59.16,18.25,7.84,24
2026-02-18 08:34:21,,,,,0,0.61,22.52,55.9,25,7.87,24
2026-02-18 09:04:29,,,,,1.37,0.61,27.51,46.56,32,7.89,24
2026-02-18 09:36:38,,,,,1.37,0.6,29.25,44.46,36,7.9,24
2026-02-18 10:06:33,,,,,1.37,0.61,29.54,45.22,37.5,7.92,24
2026-02-18 10:36:30,,,,,1.37,0.61,31.46,41.08,40.25,7.92,24
2026-02-18 11:06:24,,,,,0,0.61,33.36,40.92,40.75,7.92,24
2026-02-18 11:36:19,,,,,1.37,0.6,31.9,41.59,41,7.9,24
2026-02-18 12:06:10,,,,,1.36,0.61,32.27,41.5,40,7.93,24
2026-02-18 12:36:01,,,,,0,0.61,31.18,42.76,38.5,7.9,24
2026-02-18 13:05:52,,,,,1.36,0.61,30.95,44.35,37.75,7.89,24
2026-02-18 13:35:44,,,,,1.36,0.62,29.98,43.15,37.25,7.91,24
2026-02-18 14:05:36,,,,,1.36,0.62,30.78,42.86,37.5,7.94,24
2026-02-18 14:35:30,,,,,1.36,0.63,31.46,39.82,38,7.94,24
2026-02-18 15:05:23,,,,,1.36,0.63,31.98,41.97,38.25,7.94,24
2026-02-18 15:35:16,,,,,1.36,0.64,32.27,38.97,38.25,7.94,24
2026-02-18 16:05:09,,,,,1.36,0.65,32.96,37.02,38.25,7.94,24
2026-02-18 16:35:02,,,,,1.36,0.65,31.62,39.71,38.5,7.9,24
2026-02-18 17:04:53,,,,,1.36,0.66,31.83,42.66,38.5,7.94,24
2026-02-18 17:34:45,,,,,1.36,0.68,34.8,36.24,37.75,7.94,24
2026-02-18 18:04:35,,,,,1.36,0.69,36.07,35.95,36.5,7.9,24
2026-02-18 18:34:25,,,,,1.37,0.7,35.06,37.18,35.25,7.9,24
2026-02-18 19:04:15,,,,,1.36,0.71,32.47,39.98,33.5,7.89,24
2026-02-18 19:34:05,,,,,1.37,0.72,30.81,42,32,7.9,24
2026-02-18 20:03:55,,,,,1.37,0.72,27.3,48.88,30.75,7.92,24
2026-02-18 20:33:44,,,,,1.36,0.73,24.85,52.85,28.5,7.9,24
2026-02-18 21:03:33,,,,,1.36,0.73,23.71,54.4,26.5,7.9,24
2026-02-18 21:35:37,,,,,1.36,0.73,21.74,60.09,25,7.83,19
2026-02-18 22:05:25,,,,,1.36,0.69,21.02,59.33,23.25,7.87,19
2026-02-18 22:35:16,,,,,1.36,0.69,21.01,60.08,22.25,7.89,19
2026-02-18 23:05:09,,,,,1.36,0.69,20.35,60.54,21.5,7.88,19
2026-02-18 23:35:01,,,,,1.36,0.69,20.34,59.92,21.25,7.86,19
2026-02-19 00:04:52,,,,,1.36,0.69,18.93,64.12,20.5,7.87,19
2026-02-19 00:34:44,,,,,1.36,0.68,17.83,70.93,19.75,7.88,19
2026-02-19 01:04:35,,,,,1.36,0.68,17.81,69.01,18.75,7.87,19
2026-02-19 01:34:27,,,,,1.36,0.68,17.75,64.21,18.25,7.84,19
2026-02-19 02:04:19,,,,,1.36,0.68,16.75,63.56,18,7.86,19
2026-02-19 02:34:11,,,,,1.36,0.68,16.47,65.3,17.5,7.83,19
2026-02-19 03:04:03,,,,,1.36,0.67,15.36,72.97,17,7.86,19
2026-02-19 03:33:55,,,,,1.36,0.67,14.86,73.48,16.25,7.85,19
2026-02-19 04:03:46,,,,,1.36,0.67,15.3,72.93,15.5,7.86,19
2026-02-19 04:33:38,,,,,1.36,0.67,15.22,69.3,15.25,7.86,19
2026-02-19 05:03:31,,,,,1.36,0.66,15.96,63.09,15.75,7.86,19
2026-02-19 05:33:24,,,,,1.36,0.66,14.42,73.38,15.75,7.83,19
2026-02-19 06:03:16,,,,,0,0.65,14,75.78,15,7.84,19
2026-02-19 06:33:07,,,,,1.36,0.64,13.39,73.13,14.5,7.84,19
2026-02-19 07:02:59,,,,,1.36,0.64,13.97,66.17,14.25,7.83,19
2026-02-19 07:32:54,,,,,1.36,0.63,14.32,65.64,14.75,7.84,19
2026-02-19 08:02:47,,,,,1.37,0.63,17.15,64.82,16.75,7.83,19
2026-02-19 08:32:54,,,,,1.37,0.62,22.54,53.09,23.75,7.86,19
2026-02-19 09:03:02,,,,,0,0.62,28.82,45.12,31.5,7.89,19
2026-02-19 09:35:39,,,,,1.38,0.62,27.94,42.18,37.25,7.89,23
2026-02-19 10:05:33,,,,,0,0.62,31.07,39.62,38.5,7.9,23
2026-02-19 10:35:28,,,,,1.37,0.62,31.13,39.95,39.75,7.89,23
2026-02-19 11:05:21,,,,,0,0.62,32.2,38.57,39.75,7.9,23
2026-02-19 11:35:16,,,,,1.37,0.62,32.94,37.88,40.75,7.93,23
2026-02-19 12:05:11,,,,,1.37,0.62,32.17,36.76,41,7.9,23
2026-02-19 12:35:02,,,,,1.37,0.62,29.11,41.95,40.25,7.93,23
2026-02-19 13:04:54,,,,,1.36,0.63,29.07,44.57,39.75,7.94,23
2026-02-19 13:34:48,,,,,0,0.63,29.77,42.17,40.25,7.94,23
2026-02-19 14:04:42,,,,,0,0.64,31.18,42.28,40.5,7.94,23
2026-02-19 14:34:34,,,,,1.36,0.64,32.48,41.59,40.5,7.93,23
2026-02-19 15:04:26,,,,,1.36,0.65,32.91,37.82,40.25,7.94,23
2026-02-19 15:34:20,,,,,1.36,0.66,35.2,35.63,40.5,7.94,23
2026-02-19 16:04:14,,,,,1.36,0.67,36.04,35.2,41,7.94,23
2026-02-19 16:34:08,,,,,1.36,0.67,34.05,40.6,41.5,7.95,23
2026-02-19 17:04:01,,,,,1.36,0.68,33.86,38.68,41.25,7.96,23
2026-02-19 17:33:53,,,,,1.36,0.69,35.77,37.59,40.25,7.9,23
2026-02-19 18:03:44,,,,,1.36,0.7,34.07,40.34,39,7.95,23
2026-02-19 18:33:34,,,,,1.37,0.71,32.81,41.25,37.25,7.94,23
2026-02-19 19:03:22,,,,,1.37,0.72,30.99,43.1,35,7.9,23
2026-02-19 19:33:11,,,,,1.37,0.73,29.54,45.55,33.25,7.89,23
2026-02-19 20:03:03,,,,,1.37,0.73,28.11,48.51,32,7.89,23
2026-02-19 20:32:52,,,,,1.36,0.73,25.12,53.45,29.5,7.91,23
2026-02-19 21:02:40,,,,,1.36,0.74,23.54,59.63,27,7.9,23
2026-02-19 21:34:47,,,,,1.36,0.74,22.76,60.74,25.5,7.9,26
2026-02-19 22:05:06,,,,,1.36,0.75,22.2,60.93,24,7.89,25
2026-02-19 22:34:57,,,,,1.36,0.75,21.57,53.07,23.25,7.89,25
2026-02-19 23:04:49,,,,,1.36,0.75,21.28,53.82,22.25,7.89,25
2026-02-19 23:34:40,,,,,1.36,0.75,20.66,64.93,21.75,7.88,25
2026-02-20 00:04:31,,,,,1.36,0.75,20.19,64.28,21.25,7.87,25
2026-02-20 00:34:22,,,,,1.36,0.75,19.53,69.86,20.75,7.88,25
2026-02-20 01:04:13,,,,,1.36,0.75,18.44,68.62,20.25,7.87,25
2026-02-20 01:34:03,,,,,1.36,0.75,18.27,67.96,19.5,7.85,25
2026-02-20 02:03:56,,,,,1.35,0.74,18.1,66.37,19.25,7.84,25
2026-02-20 02:33:47,,,,,1.36,0.74,17.85,69.92,18.75,7.86,25
2026-02-20 03:03:40,,,,,1.36,0.74,17.72,75.52,18.5,7.85,25
2026-02-20 03:33:33,,,,,1.36,0.73,17.17,76.58,18.25,7.86,25
2026-02-20 04:03:25,,,,,1.36,0.73,16.95,66.37,17.75,7.85,25
2026-02-20 04:33:17,,,,,1.36,0.73,16.04,78.28,17.5,7.85,25
2026-02-20 05:03:08,,,,,1.35,0.72,15.77,67.4,17,7.85,25
2026-02-20 05:33:01,,,,,1.36,0.71,16.04,70.53,16.75,7.85,25
2026-02-20 06:02:53,,,,,1.36,0.71,15.64,71.81,16.75,7.85,25
2026-02-20 06:32:46,,,,,1.37,0.7,16.17,72.28,16.5,7.84,25
2026-02-20 07:02:38,,,,,1.36,0.69,15.12,78.63,16.25,7.83,25
2026-02-20 07:32:30,,,,,1.36,0.69,14.83,69.45,16,7.85,25
2026-02-20 08:02:24,,,,,1.36,0.68,16.53,70.61,16.75,7.83,25
2026-02-20 08:32:23,,,,,1.37,0.67,21.23,58.56,20.25,7.85,25
2026-02-20 09:02:24,,,,,1.37,0.66,20.63,61.01,24.25,7.86,25
2026-02-20 09:34:34,,,,,0,0.65,24.39,54.67,28.75,7.89,20
2026-02-20 10:05:08,,,,,0,0.65,24.9,47.3,30.5,7.89,22
2026-02-20 10:35:06,,,,,0,0.65,31.85,38.31,34,7.89,22
2026-02-20 11:05:07,,,,,1.37,0.65,26.69,43.37,36.75,7.88,22
2026-02-20 11:35:00,,,,,0,0.65,28.48,41.48,37,7.89,22
2026-02-20 12:04:55,,,,,0,0.65,30.76,37.05,38.25,7.88,22
2026-02-20 12:34:50,,,,,0,0.65,29.49,41.63,39,7.92,22
2026-02-20 13:04:40,,,,,1.36,0.65,27.78,43.91,37.75,7.89,22
2026-02-20 13:34:30,,,,,1.37,0.65,27.94,44.82,36.75,7.89,22
2026-02-20 14:04:20,,,,,1.36,0.66,28.25,43.96,36,7.89,22
2026-02-20 14:34:13,,,,,1.36,0.66,28.72,46.5,35.5,7.92,22
2026-02-20 15:04:08,,,,,1.36,0.67,28.99,45.97,35.5,7.89,22
2026-02-20 15:34:00,,,,,1.37,0.68,30.66,42.6,35.5,7.89,22
2026-02-20 16:03:52,,,,,1.36,0.69,32.07,44.26,35.75,7.89,22
2026-02-20 16:33:45,,,,,1.36,0.7,29.83,45.94,36.5,7.89,22
2026-02-20 17:03:39,,,,,1.36,0.72,29.96,45.09,36.25,7.89,22
2026-02-20 17:33:31,,,,,1.36,0.73,31.58,43.99,35.75,7.92,22
2026-02-20 18:03:21,,,,,1.36,0.74,30.23,45.93,34.75,7.9,22
2026-02-20 18:33:10,,,,,1.37,0.75,28.91,47.73,32.75,7.92,22
2026-02-20 19:02:59,,,,,1.37,0.76,27.78,49.33,31.25,7.88,22
2026-02-20 19:32:49,,,,,1.37,0.77,26.7,50.38,30,7.89,22
2026-02-20 20:02:41,,,,,1.37,0.78,25.17,54.71,29,7.89,22
2026-02-20 20:32:30,,,,,1.36,0.78,23.31,59.65,27,7.9,22
2026-02-20 21:02:19,,,,,1.36,0.78,22.35,62.25,25,7.89,22
2026-02-20 21:34:11,,,,,1.36,0.78,20.86,66.37,23.5,7.88,26
2026-02-20 22:04:29,,,,,1.36,0.77,20.28,67.89,22.25,7.86,15
2026-02-20 22:34:19,,,,,1.36,0.77,20.28,68.23,21.5,7.87,15
2026-02-20 23:04:11,,,,,1.36,0.76,19.27,70.5,21,7.87,15
2026-02-20 23:34:03,,,,,1.36,0.76,19.13,69.15,20.25,7.87,15
2026-02-21 00:03:54,,,,,1.36,0.76,18.52,76.07,19.75,7.86,15
2026-02-21 01:03:37,,,,,1.36,0.75,17.22,73.99,18.5,7.85,15
2026-02-21 01:33:29,,,,,1.36,0.75,17.03,82.09,18,7.83,15
2026-02-21 02:03:21,,,,,1.36,0.74,16.3,82.38,17.5,7.84,15
2026-02-21 02:33:13,,,,,1.36,0.74,15.82,83.24,17,7.85,15
2026-02-21 03:03:04,,,,,1.36,0.73,15.33,82.13,16.5,7.85,15
2026-02-21 03:32:56,,,,,1.36,0.73,15.32,82.53,16,7.84,15
2026-02-21 04:02:49,,,,,1.36,0.72,15.17,82.52,15.75,7.83,15
2026-02-21 04:32:40,,,,,1.36,0.72,14.6,82.63,15.5,7.84,15
2026-02-21 05:02:33,,,,,1.36,0.72,14.44,85.95,15,7.85,15
2026-02-21 05:32:26,,,,,0,0.71,14.12,80.85,14.75,7.84,15
2026-02-21 06:02:20,,,,,1.37,0.7,13.96,83.98,14.75,7.83,15
2026-02-21 06:32:12,,,,,1.36,0.69,13.04,86.52,14.25,7.83,15
2026-02-21 07:02:03,,,,,1.36,0.68,13.57,84.78,14,7.83,15
2026-02-21 07:31:56,,,,,1.36,0.68,13.33,84.78,14,7.84,15
2026-02-21 08:01:51,,,,,1.37,0.67,18.02,72.29,15.5,7.83,15
2026-02-21 08:31:55,,,,,1.38,0.66,23.27,62.37,21.25,7.85,15
2026-02-21 09:02:04,,,,,0,0.66,26.8,49.3,29.25,7.88,15
2026-02-21 21:38:27,,,,,1.37,0.8,21.67,63.81,24.25,7.89,23
2026-02-21 22:08:16,,,,,1.36,0.79,21.09,65.6,23,7.89,23
2026-02-21 22:38:07,,,,,1.36,0.79,20.47,69.63,22,7.88,23
2026-02-21 23:07:58,,,,,1.36,0.79,21.01,69.7,21.5,7.85,23
2026-02-21 23:37:50,,,,,1.36,0.78,19.76,77.61,21,7.88,23
2026-02-22 00:07:42,,,,,1.36,0.78,19.05,73.21,20.5,7.86,23
2026-02-22 00:37:35,,,,,1.36,0.78,18.54,81.3,19.75,7.87,23
2026-02-22 01:07:27,,,,,1.37,0.77,18.08,79.34,19.25,7.87,23
2026-02-22 01:37:19,,,,,1.37,0.77,17.53,76.55,18.75,7.84,23
2026-02-22 02:07:10,,,,,1.36,0.77,16.8,82.51,18.25,7.86,23
2026-02-22 02:37:02,,,,,1.36,0.76,16.96,79.94,17.75,7.85,23
2026-02-22 03:06:54,,,,,1.37,0.76,16.55,77.68,17.25,7.85,23
2026-02-22 03:36:45,,,,,0,0.76,15.82,83.83,17,7.84,23
2026-02-22 04:06:37,,,,,1.37,0.75,15.48,84.94,16.5,7.83,23
2026-02-22 04:36:30,,,,,0,0.75,15.31,83.03,16.25,7.85,23
2026-02-22 05:06:22,,,,,1.37,0.74,15.29,81.33,16,7.83,23
2026-02-22 05:36:14,,,,,1.36,0.74,15.62,84.21,15.75,7.84,23
2026-02-22 06:06:08,,,,,1.37,0.73,15.03,83.54,15.75,7.83,23
2026-02-22 06:36:00,,,,,1.37,0.73,15.17,74.47,15.5,7.83,23
2026-02-22 07:05:54,,,,,1.37,0.72,15.74,71.77,15.75,7.83,23
2026-02-22 07:35:48,,,,,1.36,0.71,15.45,73.79,15.75,7.83,23
2026-02-22 08:05:42,,,,,1.37,0.7,19.58,61,17.75,7.83,23
2026-02-22 08:35:46,,,,,1.38,0.69,24.62,50.73,23.25,7.86,23
2026-02-22 09:05:55,,,,,0,0.68,30.38,44.75,31,7.87,23
2026-02-22 09:38:13,,,,,1.38,0.68,30.14,44.99,37.5,7.86,20
2026-02-22 10:08:09,,,,,1.38,0.68,32.07,42.63,39.75,7.91,20
2026-02-22 10:38:06,,,,,1.39,0.68,33.39,40.08,42,7.92,20
2026-02-22 11:08:02,,,,,1.38,0.67,33.24,42.15,42.75,7.93,20
2026-02-22 11:37:56,,,,,1.37,0.68,34.51,39.23,43.25,7.93,20
2026-02-22 12:07:51,,,,,1.37,0.68,34.17,40.41,44,7.9,20
2026-02-22 12:37:42,,,,,1.37,0.68,32.75,41.01,43,7.93,20
2026-02-22 13:07:31,,,,,1.37,0.69,31.37,44.46,41.5,7.93,20
2026-02-22 13:37:24,,,,,1.37,0.69,31.6,42.72,41.25,7.94,20
2026-02-22 14:07:16,,,,,1.37,0.7,32.23,40.71,40.75,7.91,20
2026-02-22 14:37:08,,,,,1.37,0.71,32.7,41.5,40.25,7.95,20
2026-02-22 15:07:01,,,,,1.37,0.72,33.19,43.43,40.25,7.93,20
2026-02-22 15:36:53,,,,,1.36,0.74,35.04,40.81,40,7.92,20
2026-02-22 16:06:47,,,,,1.37,0.75,35.13,38.45,40,7.89,20
2026-02-22 16:36:41,,,,,1.37,0.77,33.14,40.83,40.25,7.94,20
2026-02-22 17:06:33,,,,,1.36,0.79,33.21,43.63,40,7.94,20
2026-02-22 17:36:23,,,,,1.37,0.8,34.49,40.15,39,7.9,20
2026-02-22 18:06:12,,,,,1.37,0.81,33.26,43.22,37.25,7.94,20
2026-02-22 18:36:01,,,,,1.37,0.82,31.72,47.44,35.5,7.92,20
2026-02-22 19:05:51,,,,,1.37,0.84,30.88,48.62,34.25,7.92,20
2026-02-22 19:35:42,,,,,1.37,0.84,29.3,52.78,33.25,7.93,20
2026-02-22 20:05:32,,,,,1.37,0.85,27.15,56.5,31.75,7.9,20
2026-02-22 20:35:20,,,,,1.37,0.86,25.36,58.02,29.25,7.88,20
2026-02-22 21:05:08,,,,,1.37,0.86,24.83,59.9,27.25,7.86,20
2026-02-22 21:37:18,,,,,1.37,0.85,23.71,58.81,26,7.86,23
2026-02-22 22:07:09,,,,,1.36,0.85,22.34,63.6,24.5,7.89,23
2026-02-22 22:37:00,,,,,1.37,0.85,21.78,71.86,23.5,7.85,23
2026-02-22 23:06:53,,,,,1.36,0.84,21.29,69.13,22.5,7.88,23
2026-02-22 23:36:46,,,,,1.37,0.84,20.97,71.59,21.75,7.88,23
2026-02-23 00:06:37,,,,,1.37,0.83,20.54,78.64,21.5,7.88,23
2026-02-23 00:36:29,,,,,1.37,0.83,19.89,72.85,21,7.84,23
2026-02-23 01:06:21,,,,,1.36,0.82,19.24,74.49,20.5,7.87,23
2026-02-23 01:36:12,,,,,1.37,0.82,18.83,76.19,20,7.86,23
2026-02-23 02:06:04,,,,,1.37,0.81,18.17,73.53,19.5,7.86,23
2026-02-23 02:35:56,,,,,1.37,0.81,17.89,78.61,19,7.86,23
2026-02-23 03:05:48,,,,,1.37,0.8,17.31,78.38,18.5,7.85,23
2026-02-23 03:35:41,,,,,1.36,0.79,17.14,80.86,18,7.87,23
2026-02-23 04:05:33,,,,,1.36,0.79,16.79,76.97,17.75,7.84,23
2026-02-23 04:35:27,,,,,1.37,0.79,16.67,80.38,17.25,7.86,23
2026-02-23 05:05:18,,,,,1.36,0.78,16.62,82.18,17,7.83,23
2026-02-23 05:35:10,,,,,1.37,0.78,16.73,79.34,17,7.83,23
2026-02-23 06:05:02,,,,,1.37,0.77,15.38,83.07,16.75,7.86,23
2026-02-23 06:34:56,,,,,1.37,0.76,15.02,82.24,16.25,7.85,23
2026-02-23 07:04:49,,,,,1.36,0.75,14.8,80.21,16,7.83,23
2026-02-23 07:34:41,,,,,1.36,0.75,15.23,84.55,15.5,7.85,23
2026-02-23 08:04:35,,,,,0,0.74,19.56,70.87,17.25,7.85,23
2026-02-23 08:34:40,,,,,0,0.73,25.4,58.4,24,7.86,23
2026-02-23 09:04:48,,,,,0,0.72,29.1,50.85,31.25,7.88,23
2026-02-23 09:37:00,,,,,1.38,0.72,32.02,45.91,37.25,7.91,20
2026-02-23 10:06:58,,,,,1.38,0.72,32.3,42.67,40,7.92,20
2026-02-23 10:36:54,,,,,1.39,0.72,32.91,41.58,41.75,7.92,20
2026-02-23 11:06:49,,,,,0,0.72,34.45,40.28,42.5,7.93,20
2026-02-23 11:36:44,,,,,1.38,0.72,33.73,43.74,43.5,7.94,20
2026-02-23 12:06:36,,,,,1.37,0.73,33.44,41.98,42.75,7.93,20
2026-02-23 12:36:28,,,,,1.37,0.73,32.49,42.55,42,7.92,20
2026-02-23 13:06:19,,,,,0,0.73,30.72,46.14,40.75,7.94,20
2026-02-23 13:36:10,,,,,1.37,0.74,31.23,44.82,39.75,7.9,20
2026-02-23 14:06:01,,,,,1.36,0.75,31.83,43.53,39.5,7.9,20
2026-02-23 14:35:53,,,,,1.37,0.76,32.45,42.77,39.75,7.93,20
2026-02-23 15:05:45,,,,,1.37,0.78,33.06,43.74,39.5,7.94,20
2026-02-23 15:35:37,,,,,1.36,0.79,33.5,45.02,39,7.94,20
2026-02-23 16:05:30,,,,,1.37,0.81,35.24,40.3,39.25,7.94,20
2026-02-23 16:35:23,,,,,1.37,0.83,33.17,44.25,39.75,7.94,20
2026-02-23 17:05:17,,,,,1.37,0.85,33.04,43.02,39.75,7.9,20
2026-02-23 17:35:08,,,,,1.37,0.86,36.42,39.2,39,7.93,20
2026-02-23 18:04:57,,,,,1.37,0.88,35.37,40.62,37.25,7.94,20
2026-02-23 18:34:46,,,,,1.37,0.89,34.78,40.8,35.75,7.9,20
2026-02-23 19:04:36,,,,,1.37,0.9,33.26,42.55,34.25,7.91,20
2026-02-23 19:34:26,,,,,1.37,0.91,30.42,47.34,33.25,7.89,20
2026-02-23 20:04:17,,,,,1.37,0.92,27.38,52.51,32,7.9,20
2026-02-23 20:34:05,,,,,1.37,0.92,25.33,55.51,29.5,7.88,20
2026-02-23 21:03:53,,,,,0,0.75,24.57,54.65,27.25,7.9,20
2026-02-23 21:36:21,,,,,1.37,0.71,23.19,57.98,25.75,7.9,24
2026-02-23 22:06:11,,,,,1.37,0.7,22.82,56.95,24.25,7.89,24
2026-02-23 22:36:02,,,,,1.37,0.7,21.42,64.24,23.25,7.88,24
2026-02-23 23:05:52,,,,,1.36,0.7,21.63,60.27,22.5,7.86,24
2026-02-23 23:35:45,,,,,1.37,0.7,20.9,64.91,22,7.88,24
2026-02-24 00:05:36,,,,,1.37,0.69,19.9,67.23,21.5,7.89,24
2026-02-24 00:35:28,,,,,1.37,0.69,19.86,61.83,20.75,7.87,24
2026-02-24 01:05:20,,,,,1.37,0.68,18.56,72.87,20.25,7.87,24
2026-02-24 01:35:11,,,,,1.37,0.68,18.44,73.8,19.5,7.87,24
2026-02-24 02:05:02,,,,,1.37,0.67,17.92,69.84,19,7.86,24
2026-02-24 02:34:55,,,,,1.37,0.67,17.91,67.92,18.5,7.87,24
2026-02-24 03:04:46,,,,,1.37,0.66,16.84,78.21,18.25,7.86,24
2026-02-24 03:34:38,,,,,1.37,0.66,16.36,79.14,17.5,7.86,24
2026-02-24 04:04:29,,,,,1.37,0.65,15.92,73.63,17.25,7.83,24
2026-02-24 04:34:22,,,,,1.37,0.65,15.8,71.93,16.75,7.84,24
2026-02-24 05:04:15,,,,,1.37,0.64,16,74.17,16.5,7.83,24
2026-02-24 05:34:07,,,,,1.37,0.64,17.33,66.96,16.25,7.84,24
2026-02-24 06:04:02,,,,,1.37,0.63,18,61.27,17.25,7.85,24
2026-02-24 06:33:56,,,,,1.36,0.63,17.81,63.56,17.75,7.85,24
2026-02-24 07:03:49,,,,,1.37,0.62,16.76,60.77,18,7.83,24
2026-02-24 07:33:41,,,,,1.37,0.61,17.61,62.02,18,7.85,24
2026-02-24 08:03:35,,,,,1.37,0.61,20.09,57.51,18.75,7.86,24
2026-02-24 08:33:37,,,,,1.38,0.6,26.28,51.05,24.25,7.86,24
2026-02-24 09:03:44,,,,,0,0.59,29.3,45.98,31.25,7.89,24
2026-02-24 09:35:59,,,,,0,0.6,31.1,41.93,36.5,7.91,26
2026-02-24 10:05:55,,,,,0,0.59,33.51,39.65,39,7.92,26
2026-02-24 10:35:54,,,,,1.38,0.59,32.97,38.46,41.5,7.92,26
2026-02-24 11:05:47,,,,,1.38,0.59,34.66,38.82,41.5,7.92,26
2026-02-24 11:35:42,,,,,1.38,0.59,34.38,36.37,42.25,7.94,26
2026-02-24 12:05:35,,,,,1.38,0.6,34.79,36.89,42.25,7.93,26
2026-02-24 12:35:28,,,,,1.37,0.6,34.03,41.08,42,7.93,26
2026-02-24 13:05:19,,,,,1.37,0.61,34.15,40.57,41.25,7.94,26
2026-02-24 13:35:12,,,,,1.37,0.61,33.87,41.49,42,7.94,26
2026-02-24 14:05:05,,,,,1.37,0.62,32.56,42.11,42.25,7.93,26
2026-02-24 14:34:58,,,,,1.37,0.62,33.73,41.79,42.25,7.94,26
2026-02-24 15:04:50,,,,,1.37,0.64,33.84,40.5,41.75,7.91,26
2026-02-24 15:34:40,,,,,1.37,0.65,34.3,40.54,41.25,7.94,26
2026-02-24 16:04:32,,,,,1.37,0.66,36.22,37.92,41,7.95,26
2026-02-24 16:34:26,,,,,1.37,0.68,34.05,41.51,41.25,7.96,26
2026-02-24 17:04:20,,,,,1.37,0.69,33.1,42.99,41,7.92,26
2026-02-24 17:34:09,,,,,1.37,0.7,35.55,40.74,39,7.95,26
2026-02-24 18:03:57,,,,,1.37,0.71,35.21,40.73,37.25,7.95,26
2026-02-24 18:33:46,,,,,1.38,0.72,34.35,41.98,35.5,7.89,26
2026-02-24 19:03:36,,,,,1.37,0.73,33.43,42.55,34.25,7.9,26
2026-02-24 19:33:26,,,,,1.37,0.74,29.98,47.46,33,7.89,26
2026-02-24 20:03:15,,,,,1.37,0.74,27.24,51.1,31.5,7.9,26
2026-02-24 20:33:04,,,,,1.37,0.75,24.97,54.79,29,7.91,26
2026-02-24 21:02:51,,,,,1.37,0.74,23.55,56.79,26.75,7.9,26
2026-02-24 21:34:50,,,,,1.37,0.74,22.81,60.23,25.25,7.91,25
2026-02-24 22:05:09,,,,,1.37,0.74,22.18,63.76,24,7.89,15
2026-02-24 22:35:01,,,,,1.37,0.71,22.03,57.43,23.25,7.88,15
2026-02-24 23:04:53,,,,,1.37,0.71,21.04,56.82,22.5,7.89,15
2026-02-24 23:34:45,,,,,1.37,0.7,21.15,60.33,21.75,7.89,15
2026-02-25 00:04:36,,,,,1.37,0.7,19.94,65.37,21.5,7.87,15
2026-02-25 00:34:27,,,,,1.37,0.7,19.09,73.37,20.5,7.87,15
2026-02-25 01:04:19,,,,,1.37,0.69,18.62,76.22,19.75,7.88,15
2026-02-25 01:34:10,,,,,1.37,0.69,17.91,73.91,19.25,7.87,15
2026-02-25 02:04:02,,,,,1.37,0.68,17.7,72.07,18.5,7.84,15
2026-02-25 02:33:53,,,,,1.37,0.68,17,73.23,18,7.85,15
2026-02-25 03:03:45,,,,,1.37,0.67,16.65,78.29,17.75,7.85,15
2026-02-25 03:33:37,,,,,1.37,0.67,16.52,71.38,17.25,7.85,15
2026-02-25 04:03:29,,,,,1.37,0.66,16.11,70.93,17,7.85,15
2026-02-25 04:33:23,,,,,1.37,0.66,16.2,70.13,16.75,7.83,15
2026-02-25 05:03:16,,,,,1.37,0.65,15.23,77.96,16.25,7.85,15
2026-02-25 05:33:08,,,,,1.37,0.64,14.92,81.56,16,7.84,15
2026-02-25 06:03:00,,,,,1.36,0.64,14.25,78.74,15.5,7.85,15
2026-02-25 06:32:51,,,,,1.37,0.63,14.47,79.33,15,7.84,15
2026-02-25 07:02:43,,,,,1.38,0.62,13.76,79.23,14.75,7.84,15
2026-02-25 07:32:36,,,,,1.37,0.62,13.98,76.6,14.5,7.84,15
2026-02-25 08:02:28,,,,,1.37,0.61,17.14,70.22,15.5,7.84,15
2026-02-25 08:32:33,,,,,1.39,0.61,23.46,52.66,22.25,7.84,15
2026-02-25 09:02:44,,,,,1.38,0.6,28.21,43.91,30.25,7.88,15
2026-02-25 21:38:54,,,,,1.37,0.64,21.14,54.68,23.25,7.86,15
2026-02-25 22:08:44,,,,,1.37,0.63,20.79,53.62,22.25,7.88,15
2026-02-25 22:38:35,,,,,1.37,0.63,20.01,50.53,21.5,7.88,15
2026-02-25 23:08:26,,,,,1.37,0.63,19.32,50.19,21,7.87,15
2026-02-25 23:38:17,,,,,1.37,0.68,18.59,53.62,20,7.88,15
2026-02-26 00:08:07,,,,,1.37,0.68,17.93,69.23,19.25,7.87,15
2026-02-26 00:37:58,,,,,1.37,0.66,17.05,64.92,18.5,7.86,15
2026-02-26 01:07:50,,,,,1.37,0.67,16.9,73.38,17.75,7.85,15
2026-02-26 01:37:40,,,,,1.37,0.66,16.05,68.32,17.25,7.85,15
2026-02-26 02:07:33,,,,,1.37,0.65,15.71,66.02,16.75,7.83,15
2026-02-26 02:37:23,,,,,1.37,0.65,15.4,65.55,16.25,7.84,15
2026-02-26 03:07:16,,,,,1.37,0.64,15.19,63.78,16,7.85,15
2026-02-26 03:37:08,,,,,1.37,0.64,14.67,68.56,15.5,7.84,15
2026-02-26 04:06:59,,,,,1.37,0.63,14.2,70.76,15,7.84,15
2026-02-26 04:36:50,,,,,1.37,0.63,13.54,66.53,14.5,7.84,15
2026-02-26 05:06:43,,,,,1.37,0.63,13.33,70.11,14.25,7.84,15
2026-02-26 05:36:35,,,,,1.37,0.62,13.26,63.6,13.75,7.83,15
2026-02-26 06:06:28,,,,,1.37,0.62,13.21,71.97,13.5,7.83,15
2026-02-26 06:36:20,,,,,1.37,0.61,12.24,70.93,13.25,7.84,15
2026-02-26 07:06:14,,,,,1.37,0.61,11.98,67.14,13,7.82,15
2026-02-26 07:36:06,,,,,1.37,0.61,12.05,70.28,12.75,7.83,15
2026-02-26 08:06:00,,,,,1.38,0.61,17.29,56.03,14.5,7.83,15
2026-02-26 08:36:10,,,,,0,0.6,24.46,39.51,22.75,7.84,15
2026-02-26 09:06:16,,,,,1.39,0.6,27.18,36.33,29.25,7.87,15
2026-02-26 09:39:20,,,,,1.39,0.6,30.14,35.05,34.75,7.87,25
2026-02-26 10:09:18,,,,,0,0.6,32.81,32.36,37.75,7.91,25
2026-02-26 10:39:12,,,,,1.38,0.6,32.95,30.4,38.25,7.91,25
2026-02-26 11:09:08,,,,,0,0.6,33.11,32.4,40,7.92,25
2026-02-26 11:39:01,,,,,1.38,0.6,32.5,31.22,40,7.88,25
2026-02-26 12:08:50,,,,,0,0.6,32.36,33.55,39.25,7.92,25
2026-02-26 12:38:43,,,,,0,0.6,31.21,35.56,38.75,7.93,25
2026-02-26 13:08:35,,,,,1.37,0.61,32.08,35.97,38.25,7.92,25
2026-02-26 13:38:30,,,,,0,0.61,31.1,37.34,38.75,7.93,25
2026-02-26 14:08:23,,,,,1.37,0.62,30.14,38.62,39.25,7.94,25
2026-02-26 14:38:17,,,,,1.37,0.62,31.13,37.6,39.75,7.89,25
2026-02-26 15:08:09,,,,,1.37,0.63,31.69,37.13,39.75,7.93,25
2026-02-26 15:38:00,,,,,1.37,0.64,31.79,36.07,39,7.93,25
2026-02-26 16:07:52,,,,,1.37,0.65,34.43,34.74,39,7.95,25
2026-02-26 16:37:45,,,,,1.38,0.65,30.92,36.15,39,7.94,25
2026-02-26 17:07:35,,,,,1.37,0.66,30.67,37.73,38,7.94,25
2026-02-26 17:37:26,,,,,1.37,0.67,34.57,34.09,37.25,7.94,25
2026-02-26 18:07:15,,,,,1.37,0.67,33.95,33.97,35.25,7.94,25
2026-02-26 18:37:03,,,,,1.38,0.68,33.13,34.42,33.5,7.92,25
2026-02-26 19:06:54,,,,,1.38,0.68,31.54,35.53,32,7.92,25
2026-02-26 19:36:44,,,,,1.38,0.69,27.6,35.72,30.75,7.89,25
2026-02-26 20:06:34,,,,,1.37,0.69,24.21,40.55,29,7.91,25
2026-02-26 20:36:22,,,,,1.37,0.69,22.97,46.7,26.5,7.87,25
2026-02-26 21:06:12,,,,,1.37,0.69,21.89,44.94,24.5,7.84,25
2026-02-26 21:38:13,,,,,1.37,0.68,20.25,56.5,23,7.86,21
2026-02-26 22:08:02,,,,,1.37,0.68,19.5,59.44,21.5,7.85,21
2026-02-26 22:37:53,,,,,1.37,0.68,19.47,54.77,20.25,7.87,21
2026-02-26 23:07:46,,,,,1.37,0.67,18.09,65.85,19.5,7.86,21
2026-02-26 23:37:37,,,,,1.37,0.67,17.69,60.85,18.75,7.87,21
2026-02-27 00:07:29,,,,,1.37,0.66,16.53,60.09,18,7.87,21
2026-02-27 00:37:19,,,,,1.37,0.66,16.06,65.44,17.25,7.86,21
2026-02-27 01:07:12,,,,,1.37,0.66,15.64,71.32,16.5,7.84,21
2026-02-27 01:37:05,,,,,1.37,0.65,14.87,60.9,16,7.83,21
2026-02-27 02:06:55,,,,,1.37,0.65,14.27,68.53,15.25,7.85,21
2026-02-27 02:36:49,,,,,1.38,0.64,13.92,69.24,14.75,7.85,21
2026-02-27 03:06:41,,,,,1.37,0.64,13.3,74.64,14.5,7.84,21
2026-02-27 03:36:33,,,,,1.37,0.64,12.97,71,13.75,7.83,21
2026-02-27 04:06:25,,,,,1.37,0.63,13.19,64.5,13.5,7.84,21
2026-02-27 04:36:17,,,,,1.37,0.63,12.19,75.4,13.25,7.83,21
2026-02-27 05:06:08,,,,,1.37,0.62,13.19,56.14,13,7.83,21
2026-02-27 05:36:02,,,,,1.37,0.62,14.63,50.53,13.75,7.84,21
2026-02-27 06:05:58,,,,,1.37,0.62,15.39,50.5,15,7.83,21
2026-02-27 06:35:52,,,,,1.37,0.61,15.47,51.19,15.75,7.84,21
2026-02-27 07:05:45,,,,,1.37,0.6,14.56,55.42,15.5,7.84,21
2026-02-27 07:35:37,,,,,1.37,0.6,13.54,58.75,15,7.85,21
2026-02-27 08:05:29,,,,,1.37,0.59,14.23,56.29,14.75,7.83,21
2026-02-27 08:35:24,,,,,1.37,0.59,19.35,44.38,16,7.83,21
2026-02-27 09:05:35,,,,,1.38,0.59,26.22,38.04,25,7.87,21
2026-02-27 09:37:59,,,,,1.38,0.59,20.68,47.13,27.5,7.87,26
2026-02-27 10:07:57,,,,,1.38,0.59,28.7,33.38,32,7.86,26
2026-02-27 10:37:58,,,,,1.38,0.59,33.36,27.24,37,7.88,26
2026-02-27 11:07:58,,,,,1.39,0.59,33.33,31.75,39.75,7.87,26
2026-02-27 11:37:52,,,,,0,0.59,33.49,30.03,41.5,7.93,26
2026-02-27 12:07:44,,,,,1.38,0.59,33.27,31.27,41,7.89,26
2026-02-27 12:37:34,,,,,1.38,0.59,33.26,32.2,39.75,7.92,26
2026-02-27 13:07:26,,,,,1.38,0.59,32.15,34.37,39.5,7.93,26
2026-02-27 13:37:18,,,,,1.37,0.6,31.26,35.76,39,7.93,26
2026-02-27 14:07:11,,,,,0,0.6,30.52,35.19,39.25,7.94,26
2026-02-27 14:37:02,,,,,1.38,0.61,30.36,37.12,38.5,7.93,26
2026-02-27 15:06:54,,,,,1.38,0.61,30.37,37.72,38,7.89,26
2026-02-27 15:36:45,,,,,1.37,0.62,30.39,37.22,37.25,7.92,26
2026-02-27 16:06:38,,,,,1.37,0.64,33.51,32.88,37.5,7.89,26
2026-02-27 16:36:32,,,,,1.38,0.65,30.91,33.92,38.75,7.94,26
2026-02-27 17:06:25,,,,,1.37,0.67,30.99,36.93,39,7.9,26
2026-02-27 17:36:16,,,,,1.37,0.67,35.01,34.1,37.5,7.93,26
2026-02-27 18:06:05,,,,,1.38,0.68,34.43,34.79,35.75,7.92,26
2026-02-27 18:35:54,,,,,1.38,0.69,34.04,34.89,34,7.92,26
2026-02-27 19:05:43,,,,,1.38,0.69,31.17,35.55,32.5,7.89,26
2026-02-27 19:35:33,,,,,1.38,0.69,27.2,42.05,30.5,7.88,26
2026-02-27 20:05:22,,,,,1.37,0.69,24.21,49.2,28.5,7.91,26
2026-02-27 20:35:11,,,,,1.37,0.69,22.8,54.41,26.25,7.88,26
2026-02-27 21:04:59,,,,,1.37,0.68,20.88,57.57,24,7.88,26
2026-02-27 21:36:57,,,,,1.38,0.68,19.71,64.14,22.5,7.87,16
2026-02-27 22:06:47,,,,,1.37,0.67,19.32,66.08,21,7.88,16
2026-02-27 22:36:37,,,,,1.37,0.66,18.96,62.98,20.25,7.84,16
2026-02-27 23:06:29,,,,,1.37,0.66,18.15,65.59,19.5,7.87,16
2026-02-27 23:36:21,,,,,1.37,0.65,17.28,72.61,18.75,7.86,16
2026-02-28 00:06:11,,,,,1.37,0.64,16.7,77.39,18,7.84,16
2026-02-28 00:36:03,,,,,1.37,0.64,16.8,78.17,17.5,7.85,16
2026-02-28 01:05:56,,,,,1.37,0.63,16.63,79.78,17,7.83,16
2026-02-28 01:35:49,,,,,1.37,0.63,16.39,77.6,16.75,7.83,16
2026-02-28 02:05:41,,,,,1.37,0.62,15.02,79.25,16.5,7.85,16
2026-02-28 02:35:33,,,,,1.37,0.62,16.26,69.63,16.25,7.83,16
2026-02-28 03:05:27,,,,,1.37,0.62,15.56,72.8,16.25,7.83,16
2026-02-28 03:35:20,,,,,1.37,0.62,15.58,71.96,16.25,7.84,16
2026-02-28 04:05:13,,,,,1.37,0.61,15.79,71.31,16,7.85,16
2026-02-28 04:35:05,,,,,1.37,0.61,14.18,81.47,15.5,7.83,16
2026-02-28 05:04:57,,,,,1.37,0.6,13.31,79.72,15,7.84,16
2026-02-28 05:34:48,,,,,1.37,0.6,12.86,78.79,14.25,7.83,16
2026-02-28 06:04:41,,,,,1.38,0.6,13.44,75.03,13.75,7.83,16
2026-02-28 06:34:35,,,,,1.38,0.59,11.76,85.29,13.5,7.83,16
2026-02-28 07:04:26,,,,,1.37,0.59,12.08,83.31,13,7.82,16
2026-02-28 07:34:19,,,,,1.37,0.58,12.92,77.51,12.75,7.83,16
2026-02-28 08:04:12,,,,,1.38,0.58,16.39,64.9,14.25,7.83,16
2026-02-28 08:34:20,,,,,0,0.58,22.91,51.02,21.5,7.83,16
2026-02-28 09:04:26,,,,,1.39,0.58,22.74,50.89,26.5,7.87,16
2026-02-28 21:40:43,,,,,1.37,0.68,22.54,60.29,25,7.89,23
2026-02-28 22:10:33,,,,,1.37,0.68,21.71,61.71,23.5,7.89,23
2026-02-28 22:40:23,,,,,1.37,0.68,21.06,64.45,22.75,7.87,23
2026-02-28 23:10:14,,,,,1.37,0.68,20.81,62.19,22,7.88,23
2026-02-28 23:40:07,,,,,1.37,0.67,20.29,62.69,21.5,7.88,23
