codigo,fecha,variable,valor
AGUA-01,2026-10-07 17:46:17,ph,13.36
AGUA-01,2026-10-07 22:10:04,conductividad_us_cm,587.1
AGUA-01,2026-10-07 22:10:04,temperatura_agua_c,16.06
AGUA-01,2026-10-07 22:10:04,voltaje_v,12.36
AGUA-01,2026-10-07 22:10:04,senal_csq,27
AGUA-01,2026-10-07 22:10:04,temperatura_sistema_c,22
AGUA-02,2026-10-07 21:53:24,ph,8.26
AGUA-02,2026-10-07 21:53:24,conductividad_us_cm,763.9
AGUA-02,2026-10-07 21:53:24,temperatura_agua_c,16.25
AGUA-02,2026-10-07 21:53:24,voltaje_v,12.07
AGUA-02,2026-10-07 21:53:24,senal_csq,22
AGUA-02,2026-10-07 21:53:24,temperatura_sistema_c,21
AGUA-03,2026-10-04 20:23:53,ph,13.78
AGUA-03,2026-10-04 20:23:53,conductividad_us_cm,997.8
AGUA-03,2026-10-04 20:23:53,temperatura_agua_c,17.69
AGUA-03,2026-10-04 20:23:53,voltaje_v,12.23
AGUA-03,2026-10-04 20:23:53,senal_csq,16
AGUA-03,2026-10-04 20:23:53,temperatura_sistema_c,20.75
AGUA-03,2026-10-04 20:23:53,oxigeno_disuelto_mg_l,0
LVAG-03,2026-10-07 17:07:40,distancia_agua_m,0
LVAG-03,2026-10-07 17:07:40,profundidad_m,0.73
LVAG-03,2026-10-07 17:07:40,voltaje_v,6.78
LVAG-03,2026-10-07 17:07:40,senal_csq,31
LVAG-03,2026-10-07 17:07:40,temperatura_aire_c,20.13
LVAG-03,2026-10-07 17:07:40,humedad_aire_pct,60.13
LVAG-03,2026-10-05 21:52:31,temperatura_sistema_c,83
LVAG-04,2026-10-07 21:05:16,distancia_agua_m,0
LVAG-04,2026-10-07 21:05:16,profundidad_m,0.55
LVAG-04,2026-10-07 21:05:16,voltaje_v,8.05
LVAG-04,2026-10-07 21:05:16,senal_csq,19
LVAG-04,2026-10-07 21:05:16,temperatura_aire_c,13.65
LVAG-04,2026-10-07 21:05:16,humedad_aire_pct,90.53
LVAG-04,2026-10-07 21:05:16,temperatura_sistema_c,15.5
LVAG-05,2026-10-07 21:03:05,distancia_agua_m,0.34
LVAG-05,2026-10-07 21:03:05,profundidad_m,1.15
LVAG-05,2026-10-07 21:03:05,voltaje_v,8.35
LVAG-05,2026-10-07 21:03:05,senal_csq,30
LVAG-05,2026-10-07 21:03:05,temperatura_aire_c,15.66
LVAG-05,2026-10-07 21:03:05,humedad_aire_pct,74.45
LVAG-05,2026-10-07 21:03:05,temperatura_sistema_c,15.25
